[
  {
    "model": "admin.logentry",
    "pk": 1,
    "fields": {
      "action_time": "2023-08-22T12:14:53.601Z",
      "user": 1,
      "content_type": 4,
      "object_id": "2",
      "object_repr": "nakib",
      "action_flag": 1,
      "change_message": "[{\"added\": {}}]"
    }
  },
  {
    "model": "admin.logentry",
    "pk": 2,
    "fields": {
      "action_time": "2023-08-23T15:20:24.091Z",
      "user": 1,
      "content_type": 9,
      "object_id": "71",
      "object_repr": "variation",
      "action_flag": 3,
      "change_message": ""
    }
  },
  {
    "model": "auth.permission",
    "pk": 1,
    "fields": {
      "name": "Can add log entry",
      "content_type": 1,
      "codename": "add_logentry"
    }
  },
  {
    "model": "auth.permission",
    "pk": 2,
    "fields": {
      "name": "Can change log entry",
      "content_type": 1,
      "codename": "change_logentry"
    }
  },
  {
    "model": "auth.permission",
    "pk": 3,
    "fields": {
      "name": "Can delete log entry",
      "content_type": 1,
      "codename": "delete_logentry"
    }
  },
  {
    "model": "auth.permission",
    "pk": 4,
    "fields": {
      "name": "Can view log entry",
      "content_type": 1,
      "codename": "view_logentry"
    }
  },
  {
    "model": "auth.permission",
    "pk": 5,
    "fields": {
      "name": "Can add permission",
      "content_type": 2,
      "codename": "add_permission"
    }
  },
  {
    "model": "auth.permission",
    "pk": 6,
    "fields": {
      "name": "Can change permission",
      "content_type": 2,
      "codename": "change_permission"
    }
  },
  {
    "model": "auth.permission",
    "pk": 7,
    "fields": {
      "name": "Can delete permission",
      "content_type": 2,
      "codename": "delete_permission"
    }
  },
  {
    "model": "auth.permission",
    "pk": 8,
    "fields": {
      "name": "Can view permission",
      "content_type": 2,
      "codename": "view_permission"
    }
  },
  {
    "model": "auth.permission",
    "pk": 9,
    "fields": {
      "name": "Can add group",
      "content_type": 3,
      "codename": "add_group"
    }
  },
  {
    "model": "auth.permission",
    "pk": 10,
    "fields": {
      "name": "Can change group",
      "content_type": 3,
      "codename": "change_group"
    }
  },
  {
    "model": "auth.permission",
    "pk": 11,
    "fields": {
      "name": "Can delete group",
      "content_type": 3,
      "codename": "delete_group"
    }
  },
  {
    "model": "auth.permission",
    "pk": 12,
    "fields": {
      "name": "Can view group",
      "content_type": 3,
      "codename": "view_group"
    }
  },
  {
    "model": "auth.permission",
    "pk": 13,
    "fields": {
      "name": "Can add user",
      "content_type": 4,
      "codename": "add_user"
    }
  },
  {
    "model": "auth.permission",
    "pk": 14,
    "fields": {
      "name": "Can change user",
      "content_type": 4,
      "codename": "change_user"
    }
  },
  {
    "model": "auth.permission",
    "pk": 15,
    "fields": {
      "name": "Can delete user",
      "content_type": 4,
      "codename": "delete_user"
    }
  },
  {
    "model": "auth.permission",
    "pk": 16,
    "fields": {
      "name": "Can view user",
      "content_type": 4,
      "codename": "view_user"
    }
  },
  {
    "model": "auth.permission",
    "pk": 17,
    "fields": {
      "name": "Can add content type",
      "content_type": 5,
      "codename": "add_contenttype"
    }
  },
  {
    "model": "auth.permission",
    "pk": 18,
    "fields": {
      "name": "Can change content type",
      "content_type": 5,
      "codename": "change_contenttype"
    }
  },
  {
    "model": "auth.permission",
    "pk": 19,
    "fields": {
      "name": "Can delete content type",
      "content_type": 5,
      "codename": "delete_contenttype"
    }
  },
  {
    "model": "auth.permission",
    "pk": 20,
    "fields": {
      "name": "Can view content type",
      "content_type": 5,
      "codename": "view_contenttype"
    }
  },
  {
    "model": "auth.permission",
    "pk": 21,
    "fields": {
      "name": "Can add session",
      "content_type": 6,
      "codename": "add_session"
    }
  },
  {
    "model": "auth.permission",
    "pk": 22,
    "fields": {
      "name": "Can change session",
      "content_type": 6,
      "codename": "change_session"
    }
  },
  {
    "model": "auth.permission",
    "pk": 23,
    "fields": {
      "name": "Can delete session",
      "content_type": 6,
      "codename": "delete_session"
    }
  },
  {
    "model": "auth.permission",
    "pk": 24,
    "fields": {
      "name": "Can view session",
      "content_type": 6,
      "codename": "view_session"
    }
  },
  {
    "model": "auth.permission",
    "pk": 25,
    "fields": {
      "name": "Can add assembly",
      "content_type": 7,
      "codename": "add_assembly"
    }
  },
  {
    "model": "auth.permission",
    "pk": 26,
    "fields": {
      "name": "Can change assembly",
      "content_type": 7,
      "codename": "change_assembly"
    }
  },
  {
    "model": "auth.permission",
    "pk": 27,
    "fields": {
      "name": "Can delete assembly",
      "content_type": 7,
      "codename": "delete_assembly"
    }
  },
  {
    "model": "auth.permission",
    "pk": 28,
    "fields": {
      "name": "Can view assembly",
      "content_type": 7,
      "codename": "view_assembly"
    }
  },
  {
    "model": "auth.permission",
    "pk": 29,
    "fields": {
      "name": "Can add attribute",
      "content_type": 8,
      "codename": "add_attribute"
    }
  },
  {
    "model": "auth.permission",
    "pk": 30,
    "fields": {
      "name": "Can change attribute",
      "content_type": 8,
      "codename": "change_attribute"
    }
  },
  {
    "model": "auth.permission",
    "pk": 31,
    "fields": {
      "name": "Can delete attribute",
      "content_type": 8,
      "codename": "delete_attribute"
    }
  },
  {
    "model": "auth.permission",
    "pk": 32,
    "fields": {
      "name": "Can view attribute",
      "content_type": 8,
      "codename": "view_attribute"
    }
  },
  {
    "model": "auth.permission",
    "pk": 33,
    "fields": {
      "name": "Can add dataset",
      "content_type": 9,
      "codename": "add_dataset"
    }
  },
  {
    "model": "auth.permission",
    "pk": 34,
    "fields": {
      "name": "Can change dataset",
      "content_type": 9,
      "codename": "change_dataset"
    }
  },
  {
    "model": "auth.permission",
    "pk": 35,
    "fields": {
      "name": "Can delete dataset",
      "content_type": 9,
      "codename": "delete_dataset"
    }
  },
  {
    "model": "auth.permission",
    "pk": 36,
    "fields": {
      "name": "Can view dataset",
      "content_type": 9,
      "codename": "view_dataset"
    }
  },
  {
    "model": "auth.permission",
    "pk": 37,
    "fields": {
      "name": "Can add dataset source",
      "content_type": 10,
      "codename": "add_datasetsource"
    }
  },
  {
    "model": "auth.permission",
    "pk": 38,
    "fields": {
      "name": "Can change dataset source",
      "content_type": 10,
      "codename": "change_datasetsource"
    }
  },
  {
    "model": "auth.permission",
    "pk": 39,
    "fields": {
      "name": "Can delete dataset source",
      "content_type": 10,
      "codename": "delete_datasetsource"
    }
  },
  {
    "model": "auth.permission",
    "pk": 40,
    "fields": {
      "name": "Can view dataset source",
      "content_type": 10,
      "codename": "view_datasetsource"
    }
  },
  {
    "model": "auth.permission",
    "pk": 41,
    "fields": {
      "name": "Can add dataset type",
      "content_type": 11,
      "codename": "add_datasettype"
    }
  },
  {
    "model": "auth.permission",
    "pk": 42,
    "fields": {
      "name": "Can change dataset type",
      "content_type": 11,
      "codename": "change_datasettype"
    }
  },
  {
    "model": "auth.permission",
    "pk": 43,
    "fields": {
      "name": "Can delete dataset type",
      "content_type": 11,
      "codename": "delete_datasettype"
    }
  },
  {
    "model": "auth.permission",
    "pk": 44,
    "fields": {
      "name": "Can view dataset type",
      "content_type": 11,
      "codename": "view_datasettype"
    }
  },
  {
    "model": "auth.permission",
    "pk": 45,
    "fields": {
      "name": "Can add ensembl release",
      "content_type": 12,
      "codename": "add_ensemblrelease"
    }
  },
  {
    "model": "auth.permission",
    "pk": 46,
    "fields": {
      "name": "Can change ensembl release",
      "content_type": 12,
      "codename": "change_ensemblrelease"
    }
  },
  {
    "model": "auth.permission",
    "pk": 47,
    "fields": {
      "name": "Can delete ensembl release",
      "content_type": 12,
      "codename": "delete_ensemblrelease"
    }
  },
  {
    "model": "auth.permission",
    "pk": 48,
    "fields": {
      "name": "Can view ensembl release",
      "content_type": 12,
      "codename": "view_ensemblrelease"
    }
  },
  {
    "model": "auth.permission",
    "pk": 49,
    "fields": {
      "name": "Can add ensembl site",
      "content_type": 13,
      "codename": "add_ensemblsite"
    }
  },
  {
    "model": "auth.permission",
    "pk": 50,
    "fields": {
      "name": "Can change ensembl site",
      "content_type": 13,
      "codename": "change_ensemblsite"
    }
  },
  {
    "model": "auth.permission",
    "pk": 51,
    "fields": {
      "name": "Can delete ensembl site",
      "content_type": 13,
      "codename": "delete_ensemblsite"
    }
  },
  {
    "model": "auth.permission",
    "pk": 52,
    "fields": {
      "name": "Can view ensembl site",
      "content_type": 13,
      "codename": "view_ensemblsite"
    }
  },
  {
    "model": "auth.permission",
    "pk": 53,
    "fields": {
      "name": "Can add genome",
      "content_type": 14,
      "codename": "add_genome"
    }
  },
  {
    "model": "auth.permission",
    "pk": 54,
    "fields": {
      "name": "Can change genome",
      "content_type": 14,
      "codename": "change_genome"
    }
  },
  {
    "model": "auth.permission",
    "pk": 55,
    "fields": {
      "name": "Can delete genome",
      "content_type": 14,
      "codename": "delete_genome"
    }
  },
  {
    "model": "auth.permission",
    "pk": 56,
    "fields": {
      "name": "Can view genome",
      "content_type": 14,
      "codename": "view_genome"
    }
  },
  {
    "model": "auth.permission",
    "pk": 57,
    "fields": {
      "name": "Can add organism",
      "content_type": 15,
      "codename": "add_organism"
    }
  },
  {
    "model": "auth.permission",
    "pk": 58,
    "fields": {
      "name": "Can change organism",
      "content_type": 15,
      "codename": "change_organism"
    }
  },
  {
    "model": "auth.permission",
    "pk": 59,
    "fields": {
      "name": "Can delete organism",
      "content_type": 15,
      "codename": "delete_organism"
    }
  },
  {
    "model": "auth.permission",
    "pk": 60,
    "fields": {
      "name": "Can view organism",
      "content_type": 15,
      "codename": "view_organism"
    }
  },
  {
    "model": "auth.permission",
    "pk": 61,
    "fields": {
      "name": "Can add organism group",
      "content_type": 16,
      "codename": "add_organismgroup"
    }
  },
  {
    "model": "auth.permission",
    "pk": 62,
    "fields": {
      "name": "Can change organism group",
      "content_type": 16,
      "codename": "change_organismgroup"
    }
  },
  {
    "model": "auth.permission",
    "pk": 63,
    "fields": {
      "name": "Can delete organism group",
      "content_type": 16,
      "codename": "delete_organismgroup"
    }
  },
  {
    "model": "auth.permission",
    "pk": 64,
    "fields": {
      "name": "Can view organism group",
      "content_type": 16,
      "codename": "view_organismgroup"
    }
  },
  {
    "model": "auth.permission",
    "pk": 65,
    "fields": {
      "name": "Can add organism group member",
      "content_type": 17,
      "codename": "add_organismgroupmember"
    }
  },
  {
    "model": "auth.permission",
    "pk": 66,
    "fields": {
      "name": "Can change organism group member",
      "content_type": 17,
      "codename": "change_organismgroupmember"
    }
  },
  {
    "model": "auth.permission",
    "pk": 67,
    "fields": {
      "name": "Can delete organism group member",
      "content_type": 17,
      "codename": "delete_organismgroupmember"
    }
  },
  {
    "model": "auth.permission",
    "pk": 68,
    "fields": {
      "name": "Can view organism group member",
      "content_type": 17,
      "codename": "view_organismgroupmember"
    }
  },
  {
    "model": "auth.permission",
    "pk": 69,
    "fields": {
      "name": "Can add genome release",
      "content_type": 18,
      "codename": "add_genomerelease"
    }
  },
  {
    "model": "auth.permission",
    "pk": 70,
    "fields": {
      "name": "Can change genome release",
      "content_type": 18,
      "codename": "change_genomerelease"
    }
  },
  {
    "model": "auth.permission",
    "pk": 71,
    "fields": {
      "name": "Can delete genome release",
      "content_type": 18,
      "codename": "delete_genomerelease"
    }
  },
  {
    "model": "auth.permission",
    "pk": 72,
    "fields": {
      "name": "Can view genome release",
      "content_type": 18,
      "codename": "view_genomerelease"
    }
  },
  {
    "model": "auth.permission",
    "pk": 73,
    "fields": {
      "name": "Can add genome dataset",
      "content_type": 19,
      "codename": "add_genomedataset"
    }
  },
  {
    "model": "auth.permission",
    "pk": 74,
    "fields": {
      "name": "Can change genome dataset",
      "content_type": 19,
      "codename": "change_genomedataset"
    }
  },
  {
    "model": "auth.permission",
    "pk": 75,
    "fields": {
      "name": "Can delete genome dataset",
      "content_type": 19,
      "codename": "delete_genomedataset"
    }
  },
  {
    "model": "auth.permission",
    "pk": 76,
    "fields": {
      "name": "Can view genome dataset",
      "content_type": 19,
      "codename": "view_genomedataset"
    }
  },
  {
    "model": "auth.permission",
    "pk": 77,
    "fields": {
      "name": "Can add dataset attribute",
      "content_type": 20,
      "codename": "add_datasetattribute"
    }
  },
  {
    "model": "auth.permission",
    "pk": 78,
    "fields": {
      "name": "Can change dataset attribute",
      "content_type": 20,
      "codename": "change_datasetattribute"
    }
  },
  {
    "model": "auth.permission",
    "pk": 79,
    "fields": {
      "name": "Can delete dataset attribute",
      "content_type": 20,
      "codename": "delete_datasetattribute"
    }
  },
  {
    "model": "auth.permission",
    "pk": 80,
    "fields": {
      "name": "Can view dataset attribute",
      "content_type": 20,
      "codename": "view_datasetattribute"
    }
  },
  {
    "model": "auth.permission",
    "pk": 81,
    "fields": {
      "name": "Can add assembly sequence",
      "content_type": 21,
      "codename": "add_assemblysequence"
    }
  },
  {
    "model": "auth.permission",
    "pk": 82,
    "fields": {
      "name": "Can change assembly sequence",
      "content_type": 21,
      "codename": "change_assemblysequence"
    }
  },
  {
    "model": "auth.permission",
    "pk": 83,
    "fields": {
      "name": "Can delete assembly sequence",
      "content_type": 21,
      "codename": "delete_assemblysequence"
    }
  },
  {
    "model": "auth.permission",
    "pk": 84,
    "fields": {
      "name": "Can view assembly sequence",
      "content_type": 21,
      "codename": "view_assemblysequence"
    }
  },
  {
    "model": "auth.permission",
    "pk": 85,
    "fields": {
      "name": "Can add Taxon",
      "content_type": 22,
      "codename": "add_taxonomynode"
    }
  },
  {
    "model": "auth.permission",
    "pk": 86,
    "fields": {
      "name": "Can change Taxon",
      "content_type": 22,
      "codename": "change_taxonomynode"
    }
  },
  {
    "model": "auth.permission",
    "pk": 87,
    "fields": {
      "name": "Can delete Taxon",
      "content_type": 22,
      "codename": "delete_taxonomynode"
    }
  },
  {
    "model": "auth.permission",
    "pk": 88,
    "fields": {
      "name": "Can view Taxon",
      "content_type": 22,
      "codename": "view_taxonomynode"
    }
  },
  {
    "model": "auth.permission",
    "pk": 89,
    "fields": {
      "name": "Can add Taxon name",
      "content_type": 23,
      "codename": "add_taxonomyname"
    }
  },
  {
    "model": "auth.permission",
    "pk": 90,
    "fields": {
      "name": "Can change Taxon name",
      "content_type": 23,
      "codename": "change_taxonomyname"
    }
  },
  {
    "model": "auth.permission",
    "pk": 91,
    "fields": {
      "name": "Can delete Taxon name",
      "content_type": 23,
      "codename": "delete_taxonomyname"
    }
  },
  {
    "model": "auth.permission",
    "pk": 92,
    "fields": {
      "name": "Can view Taxon name",
      "content_type": 23,
      "codename": "view_taxonomyname"
    }
  },
  {
    "model": "auth.user",
    "pk": 1,
    "fields": {
      "password": "pbkdf2_sha256$260000$pbSacD7Nti94HXhPTugjKX$GErsu2JVEmrP+vvihGdShK4PojGoa4/APLT1ZMe5LOM=",
      "last_login": "2023-09-03T21:39:02.559Z",
      "is_superuser": true,
      "username": "danielp",
      "first_name": "",
      "last_name": "",
      "email": "",
      "is_staff": true,
      "is_active": true,
      "date_joined": "2023-08-18T09:44:59.846Z",
      "groups": [],
      "user_permissions": []
    }
  },
  {
    "model": "auth.user",
    "pk": 2,
    "fields": {
      "password": "pbkdf2_sha256$260000$01KqxlP8g3wywtjm1tNPb5$/bXKEgxe3nSrb2YaFQZ05tgul3Gh/XcrKgBgy/YAROc=",
      "last_login": null,
      "is_superuser": false,
      "username": "nakib",
      "first_name": "",
      "last_name": "",
      "email": "",
      "is_staff": false,
      "is_active": true,
      "date_joined": "2023-08-22T12:14:53.539Z",
      "groups": [],
      "user_permissions": []
    }
  },
  {
    "model": "contenttypes.contenttype",
    "pk": 1,
    "fields": {
      "app_label": "admin",
      "model": "logentry"
    }
  },
  {
    "model": "contenttypes.contenttype",
    "pk": 2,
    "fields": {
      "app_label": "auth",
      "model": "permission"
    }
  },
  {
    "model": "contenttypes.contenttype",
    "pk": 3,
    "fields": {
      "app_label": "auth",
      "model": "group"
    }
  },
  {
    "model": "contenttypes.contenttype",
    "pk": 4,
    "fields": {
      "app_label": "auth",
      "model": "user"
    }
  },
  {
    "model": "contenttypes.contenttype",
    "pk": 5,
    "fields": {
      "app_label": "contenttypes",
      "model": "contenttype"
    }
  },
  {
    "model": "contenttypes.contenttype",
    "pk": 6,
    "fields": {
      "app_label": "sessions",
      "model": "session"
    }
  },
  {
    "model": "contenttypes.contenttype",
    "pk": 7,
    "fields": {
      "app_label": "ensembl_metadata",
      "model": "assembly"
    }
  },
  {
    "model": "contenttypes.contenttype",
    "pk": 8,
    "fields": {
      "app_label": "ensembl_metadata",
      "model": "attribute"
    }
  },
  {
    "model": "contenttypes.contenttype",
    "pk": 9,
    "fields": {
      "app_label": "ensembl_metadata",
      "model": "dataset"
    }
  },
  {
    "model": "contenttypes.contenttype",
    "pk": 10,
    "fields": {
      "app_label": "ensembl_metadata",
      "model": "datasetsource"
    }
  },
  {
    "model": "contenttypes.contenttype",
    "pk": 11,
    "fields": {
      "app_label": "ensembl_metadata",
      "model": "datasettype"
    }
  },
  {
    "model": "contenttypes.contenttype",
    "pk": 12,
    "fields": {
      "app_label": "ensembl_metadata",
      "model": "ensemblrelease"
    }
  },
  {
    "model": "contenttypes.contenttype",
    "pk": 13,
    "fields": {
      "app_label": "ensembl_metadata",
      "model": "ensemblsite"
    }
  },
  {
    "model": "contenttypes.contenttype",
    "pk": 14,
    "fields": {
      "app_label": "ensembl_metadata",
      "model": "genome"
    }
  },
  {
    "model": "contenttypes.contenttype",
    "pk": 15,
    "fields": {
      "app_label": "ensembl_metadata",
      "model": "organism"
    }
  },
  {
    "model": "contenttypes.contenttype",
    "pk": 16,
    "fields": {
      "app_label": "ensembl_metadata",
      "model": "organismgroup"
    }
  },
  {
    "model": "contenttypes.contenttype",
    "pk": 17,
    "fields": {
      "app_label": "ensembl_metadata",
      "model": "organismgroupmember"
    }
  },
  {
    "model": "contenttypes.contenttype",
    "pk": 18,
    "fields": {
      "app_label": "ensembl_metadata",
      "model": "genomerelease"
    }
  },
  {
    "model": "contenttypes.contenttype",
    "pk": 19,
    "fields": {
      "app_label": "ensembl_metadata",
      "model": "genomedataset"
    }
  },
  {
    "model": "contenttypes.contenttype",
    "pk": 20,
    "fields": {
      "app_label": "ensembl_metadata",
      "model": "datasetattribute"
    }
  },
  {
    "model": "contenttypes.contenttype",
    "pk": 21,
    "fields": {
      "app_label": "ensembl_metadata",
      "model": "assemblysequence"
    }
  },
  {
    "model": "contenttypes.contenttype",
    "pk": 22,
    "fields": {
      "app_label": "ncbi_taxonomy",
      "model": "taxonomynode"
    }
  },
  {
    "model": "contenttypes.contenttype",
    "pk": 23,
    "fields": {
      "app_label": "ncbi_taxonomy",
      "model": "taxonomyname"
    }
  },
  {
    "model": "sessions.session",
    "pk": "bjny2qzienlytobefzwa5vtt60pw1sr3",
    "fields": {
      "session_data": ".eJxVjEEOwiAQRe_C2hBgKBSX7j0DYWZAqoYmpV0Z765NutDtf-_9l4hpW2vcel7ixOIstDj9bpjokdsO-J7abZY0t3WZUO6KPGiX15nz83K4fwc19fqtM2pQxmjjyTOEzIMHSlAAoShnrC5IwQ4BRuNUQFMIiUbFxSXrOCjx_gDWejfH:1qcuoA:ybjYzB1S8R-mwxuxEa6RtDba_ycro6Vb6ZLSKV8dVME",
      "expire_date": "2023-09-17T21:39:02.562Z"
    }
  },
  {
    "model": "sessions.session",
    "pk": "lm7w7fjq5zb3ktdjf86q54yyb7luzsex",
    "fields": {
      "session_data": ".eJxVjEEOwiAQRe_C2hBgKBSX7j0DYWZAqoYmpV0Z765NutDtf-_9l4hpW2vcel7ixOIstDj9bpjokdsO-J7abZY0t3WZUO6KPGiX15nz83K4fwc19fqtM2pQxmjjyTOEzIMHSlAAoShnrC5IwQ4BRuNUQFMIiUbFxSXrOCjx_gDWejfH:1qWw2a:Md9BuNN8y7InsOeV4iaI66WW2M9iZg35pZK8YKx9U6g",
      "expire_date": "2023-09-01T09:45:12.009Z"
    }
  },
  {
    "model": "ensembl_metadata.assembly",
    "pk": 2,
    "fields": {
      "ucsc_name": "NULL",
      "accession": "GCA_016699485.1",
      "alt_accession": null,
      "level": "primary_assembly",
      "name": "bGalGal1.mat.broiler.GRCg7b",
      "accession_body": null,
      "assembly_default": "bGalGal1.mat.broiler.GRCg7b",
      "tol_id": "NULL",
      "created": "2023-09-12T21:08:13Z",
      "ensembl_name": "bGalGal1.mat.broiler.GRCg7b",
      "assembly_uuid": "b4cd5cca-ce38-43a4-8127-504313db9b7b",
      "is_reference": false,
      "url_name": null
    }
  },
  {
    "model": "ensembl_metadata.assembly",
    "pk": 4,
    "fields": {
      "ucsc_name": "hg19",
      "accession": "GCA_000001405.14",
      "alt_accession": null,
      "level": "chromosome",
      "name": "GRCh37.p13",
      "accession_body": null,
      "assembly_default": "GRCh37",
      "tol_id": null,
      "created": "2023-09-13T00:11:19Z",
      "ensembl_name": "GRCh37.p13",
      "assembly_uuid": "e02d3ac2-baac-48fa-820b-24c7c8b6fa5d",
      "is_reference": false,
      "url_name": null
    }
  },
  {
    "model": "ensembl_metadata.assemblysequence",
    "pk": 1,
    "fields": {
      "name": "1",
      "assembly": 2,
      "accession": "CM028482.1",
      "chromosomal": true,
      "chromosome_rank": 1,
      "length": 196449156,
      "sequence_location": "SO:0000738",
      "md5": null,
      "sha512t4u": null
    }
  },
  {
    "model": "ensembl_metadata.assemblysequence",
    "pk": 2,
    "fields": {
      "name": "2",
      "assembly": 2,
      "accession": "CM028483.1",
      "chromosomal": true,
      "chromosome_rank": 2,
      "length": 149539284,
      "sequence_location": "SO:0000738",
      "md5": null,
      "sha512t4u": null
    }
  },
  {
    "model": "ensembl_metadata.assemblysequence",
    "pk": 3,
    "fields": {
      "name": "3",
      "assembly": 2,
      "accession": "CM028484.1",
      "chromosomal": true,
      "chromosome_rank": 3,
      "length": 110642502,
      "sequence_location": "SO:0000738",
      "md5": null,
      "sha512t4u": null
    }
  },
  {
    "model": "ensembl_metadata.assemblysequence",
    "pk": 4,
    "fields": {
      "name": "4",
      "assembly": 2,
      "accession": "CM028485.1",
      "chromosomal": true,
      "chromosome_rank": 4,
      "length": 90861225,
      "sequence_location": "SO:0000738",
      "md5": null,
      "sha512t4u": null
    }
  },
  {
    "model": "ensembl_metadata.assemblysequence",
    "pk": 5,
    "fields": {
      "name": "5",
      "assembly": 2,
      "accession": "CM028486.1",
      "chromosomal": true,
      "chromosome_rank": 5,
      "length": 59506338,
      "sequence_location": "SO:0000738",
      "md5": null,
      "sha512t4u": null
    }
  },
  {
    "model": "ensembl_metadata.assemblysequence",
    "pk": 6,
    "fields": {
      "name": "6",
      "assembly": 2,
      "accession": "CM028487.1",
      "chromosomal": true,
      "chromosome_rank": 6,
      "length": 36220557,
      "sequence_location": "SO:0000738",
      "md5": null,
      "sha512t4u": null
    }
  },
  {
    "model": "ensembl_metadata.assemblysequence",
    "pk": 7,
    "fields": {
      "name": "7",
      "assembly": 2,
      "accession": "CM028488.1",
      "chromosomal": true,
      "chromosome_rank": 7,
      "length": 36382834,
      "sequence_location": "SO:0000738",
      "md5": null,
      "sha512t4u": null
    }
  },
  {
    "model": "ensembl_metadata.assemblysequence",
    "pk": 8,
    "fields": {
      "name": "8",
      "assembly": 2,
      "accession": "CM028489.1",
      "chromosomal": true,
      "chromosome_rank": 8,
      "length": 29578256,
      "sequence_location": "SO:0000738",
      "md5": null,
      "sha512t4u": null
    }
  },
  {
    "model": "ensembl_metadata.assemblysequence",
    "pk": 9,
    "fields": {
      "name": "9",
      "assembly": 2,
      "accession": "CM028490.1",
      "chromosomal": true,
      "chromosome_rank": 9,
      "length": 23733309,
      "sequence_location": "SO:0000738",
      "md5": null,
      "sha512t4u": null
    }
  },
  {
    "model": "ensembl_metadata.assemblysequence",
    "pk": 10,
    "fields": {
      "name": "10",
      "assembly": 2,
      "accession": "CM028491.1",
      "chromosomal": true,
      "chromosome_rank": 10,
      "length": 20453248,
      "sequence_location": "SO:0000738",
      "md5": null,
      "sha512t4u": null
    }
  },
  {
    "model": "ensembl_metadata.assemblysequence",
    "pk": 11,
    "fields": {
      "name": "11",
      "assembly": 2,
      "accession": "CM028492.1",
      "chromosomal": true,
      "chromosome_rank": 11,
      "length": 19638187,
      "sequence_location": "SO:0000738",
      "md5": null,
      "sha512t4u": null
    }
  },
  {
    "model": "ensembl_metadata.assemblysequence",
    "pk": 12,
    "fields": {
      "name": "12",
      "assembly": 2,
      "accession": "CM028493.1",
      "chromosomal": true,
      "chromosome_rank": 12,
      "length": 20119077,
      "sequence_location": "SO:0000738",
      "md5": null,
      "sha512t4u": null
    }
  },
  {
    "model": "ensembl_metadata.assemblysequence",
    "pk": 13,
    "fields": {
      "name": "13",
      "assembly": 2,
      "accession": "CM028494.1",
      "chromosomal": true,
      "chromosome_rank": 13,
      "length": 17905061,
      "sequence_location": "SO:0000738",
      "md5": null,
      "sha512t4u": null
    }
  },
  {
    "model": "ensembl_metadata.assemblysequence",
    "pk": 14,
    "fields": {
      "name": "14",
      "assembly": 2,
      "accession": "CM028495.1",
      "chromosomal": true,
      "chromosome_rank": 14,
      "length": 15331188,
      "sequence_location": "SO:0000738",
      "md5": null,
      "sha512t4u": null
    }
  },
  {
    "model": "ensembl_metadata.assemblysequence",
    "pk": 15,
    "fields": {
      "name": "15",
      "assembly": 2,
      "accession": "CM028496.1",
      "chromosomal": true,
      "chromosome_rank": 15,
      "length": 12703657,
      "sequence_location": "SO:0000738",
      "md5": null,
      "sha512t4u": null
    }
  },
  {
    "model": "ensembl_metadata.assemblysequence",
    "pk": 16,
    "fields": {
      "name": "16",
      "assembly": 2,
      "accession": "CM028497.1",
      "chromosomal": true,
      "chromosome_rank": 16,
      "length": 2706039,
      "sequence_location": "SO:0000738",
      "md5": null,
      "sha512t4u": null
    }
  },
  {
    "model": "ensembl_metadata.assemblysequence",
    "pk": 17,
    "fields": {
      "name": "17",
      "assembly": 2,
      "accession": "CM028498.1",
      "chromosomal": true,
      "chromosome_rank": 17,
      "length": 11092391,
      "sequence_location": "SO:0000738",
      "md5": null,
      "sha512t4u": null
    }
  },
  {
    "model": "ensembl_metadata.assemblysequence",
    "pk": 18,
    "fields": {
      "name": "18",
      "assembly": 2,
      "accession": "CM028499.1",
      "chromosomal": true,
      "chromosome_rank": 18,
      "length": 11623896,
      "sequence_location": "SO:0000738",
      "md5": null,
      "sha512t4u": null
    }
  },
  {
    "model": "ensembl_metadata.assemblysequence",
    "pk": 19,
    "fields": {
      "name": "19",
      "assembly": 2,
      "accession": "CM028500.1",
      "chromosomal": true,
      "chromosome_rank": 19,
      "length": 10455293,
      "sequence_location": "SO:0000738",
      "md5": null,
      "sha512t4u": null
    }
  },
  {
    "model": "ensembl_metadata.assemblysequence",
    "pk": 20,
    "fields": {
      "name": "20",
      "assembly": 2,
      "accession": "CM028501.1",
      "chromosomal": true,
      "chromosome_rank": 20,
      "length": 14265659,
      "sequence_location": "SO:0000738",
      "md5": null,
      "sha512t4u": null
    }
  },
  {
    "model": "ensembl_metadata.assemblysequence",
    "pk": 21,
    "fields": {
      "name": "21",
      "assembly": 2,
      "accession": "CM028502.1",
      "chromosomal": true,
      "chromosome_rank": 21,
      "length": 6970754,
      "sequence_location": "SO:0000738",
      "md5": null,
      "sha512t4u": null
    }
  },
  {
    "model": "ensembl_metadata.assemblysequence",
    "pk": 22,
    "fields": {
      "name": "22",
      "assembly": 2,
      "accession": "CM028503.1",
      "chromosomal": true,
      "chromosome_rank": 22,
      "length": 4686657,
      "sequence_location": "SO:0000738",
      "md5": null,
      "sha512t4u": null
    }
  },
  {
    "model": "ensembl_metadata.assemblysequence",
    "pk": 23,
    "fields": {
      "name": "23",
      "assembly": 2,
      "accession": "CM028504.1",
      "chromosomal": true,
      "chromosome_rank": 23,
      "length": 6253421,
      "sequence_location": "SO:0000738",
      "md5": null,
      "sha512t4u": null
    }
  },
  {
    "model": "ensembl_metadata.assemblysequence",
    "pk": 24,
    "fields": {
      "name": "24",
      "assembly": 2,
      "accession": "CM028505.1",
      "chromosomal": true,
      "chromosome_rank": 24,
      "length": 6478339,
      "sequence_location": "SO:0000738",
      "md5": null,
      "sha512t4u": null
    }
  },
  {
    "model": "ensembl_metadata.assemblysequence",
    "pk": 25,
    "fields": {
      "name": "25",
      "assembly": 2,
      "accession": "CM028506.1",
      "chromosomal": true,
      "chromosome_rank": 25,
      "length": 3067737,
      "sequence_location": "SO:0000738",
      "md5": null,
      "sha512t4u": null
    }
  },
  {
    "model": "ensembl_metadata.assemblysequence",
    "pk": 26,
    "fields": {
      "name": "26",
      "assembly": 2,
      "accession": "CM028507.1",
      "chromosomal": true,
      "chromosome_rank": 26,
      "length": 5349051,
      "sequence_location": "SO:0000738",
      "md5": null,
      "sha512t4u": null
    }
  },
  {
    "model": "ensembl_metadata.assemblysequence",
    "pk": 27,
    "fields": {
      "name": "27",
      "assembly": 2,
      "accession": "CM028508.1",
      "chromosomal": true,
      "chromosome_rank": 27,
      "length": 5228753,
      "sequence_location": "SO:0000738",
      "md5": null,
      "sha512t4u": null
    }
  },
  {
    "model": "ensembl_metadata.assemblysequence",
    "pk": 28,
    "fields": {
      "name": "28",
      "assembly": 2,
      "accession": "CM028509.1",
      "chromosomal": true,
      "chromosome_rank": 28,
      "length": 5437364,
      "sequence_location": "SO:0000738",
      "md5": null,
      "sha512t4u": null
    }
  },
  {
    "model": "ensembl_metadata.assemblysequence",
    "pk": 29,
    "fields": {
      "name": "29",
      "assembly": 2,
      "accession": "CM028510.1",
      "chromosomal": true,
      "chromosome_rank": 29,
      "length": 726478,
      "sequence_location": "SO:0000738",
      "md5": null,
      "sha512t4u": null
    }
  },
  {
    "model": "ensembl_metadata.assemblysequence",
    "pk": 30,
    "fields": {
      "name": "30",
      "assembly": 2,
      "accession": "CM028511.1",
      "chromosomal": true,
      "chromosome_rank": 30,
      "length": 755666,
      "sequence_location": "SO:0000738",
      "md5": null,
      "sha512t4u": null
    }
  },
  {
    "model": "ensembl_metadata.assemblysequence",
    "pk": 31,
    "fields": {
      "name": "31",
      "assembly": 2,
      "accession": "CM028512.1",
      "chromosomal": true,
      "chromosome_rank": 31,
      "length": 2457334,
      "sequence_location": "SO:0000738",
      "md5": null,
      "sha512t4u": null
    }
  },
  {
    "model": "ensembl_metadata.assemblysequence",
    "pk": 32,
    "fields": {
      "name": "32",
      "assembly": 2,
      "accession": "CM028513.1",
      "chromosomal": true,
      "chromosome_rank": 32,
      "length": 125424,
      "sequence_location": "SO:0000738",
      "md5": null,
      "sha512t4u": null
    }
  },
  {
    "model": "ensembl_metadata.assemblysequence",
    "pk": 33,
    "fields": {
      "name": "33",
      "assembly": 2,
      "accession": "CM028514.1",
      "chromosomal": true,
      "chromosome_rank": 33,
      "length": 3839931,
      "sequence_location": "SO:0000738",
      "md5": null,
      "sha512t4u": null
    }
  },
  {
    "model": "ensembl_metadata.assemblysequence",
    "pk": 34,
    "fields": {
      "name": "34",
      "assembly": 2,
      "accession": "CM028515.1",
      "chromosomal": true,
      "chromosome_rank": 34,
      "length": 3469343,
      "sequence_location": "SO:0000738",
      "md5": null,
      "sha512t4u": null
    }
  },
  {
    "model": "ensembl_metadata.assemblysequence",
    "pk": 35,
    "fields": {
      "name": "35",
      "assembly": 2,
      "accession": "CM028516.1",
      "chromosomal": true,
      "chromosome_rank": 35,
      "length": 554126,
      "sequence_location": "SO:0000738",
      "md5": null,
      "sha512t4u": null
    }
  },
  {
    "model": "ensembl_metadata.assemblysequence",
    "pk": 36,
    "fields": {
      "name": "36",
      "assembly": 2,
      "accession": "CM028517.1",
      "chromosomal": true,
      "chromosome_rank": 36,
      "length": 358375,
      "sequence_location": "SO:0000738",
      "md5": null,
      "sha512t4u": null
    }
  },
  {
    "model": "ensembl_metadata.assemblysequence",
    "pk": 37,
    "fields": {
      "name": "37",
      "assembly": 2,
      "accession": "CM028518.1",
      "chromosomal": true,
      "chromosome_rank": 37,
      "length": 157853,
      "sequence_location": "SO:0000738",
      "md5": null,
      "sha512t4u": null
    }
  },
  {
    "model": "ensembl_metadata.assemblysequence",
    "pk": 38,
    "fields": {
      "name": "38",
      "assembly": 2,
      "accession": "CM028519.1",
      "chromosomal": true,
      "chromosome_rank": 38,
      "length": 667312,
      "sequence_location": "SO:0000738",
      "md5": null,
      "sha512t4u": null
    }
  },
  {
    "model": "ensembl_metadata.assemblysequence",
    "pk": 39,
    "fields": {
      "name": "39",
      "assembly": 2,
      "accession": "CM028520.1",
      "chromosomal": true,
      "chromosome_rank": 39,
      "length": 177356,
      "sequence_location": "SO:0000738",
      "md5": null,
      "sha512t4u": null
    }
  },
  {
    "model": "ensembl_metadata.assemblysequence",
    "pk": 40,
    "fields": {
      "name": "W",
      "assembly": 2,
      "accession": "CM028521.1",
      "chromosomal": true,
      "chromosome_rank": 40,
      "length": 9109940,
      "sequence_location": "SO:0000738",
      "md5": null,
      "sha512t4u": null
    }
  },
  {
    "model": "ensembl_metadata.assemblysequence",
    "pk": 41,
    "fields": {
      "name": "Z",
      "assembly": 2,
      "accession": "CM028522.1",
      "chromosomal": true,
      "chromosome_rank": 41,
      "length": 86044486,
      "sequence_location": "SO:0000738",
      "md5": null,
      "sha512t4u": null
    }
  },
  {
    "model": "ensembl_metadata.assemblysequence",
    "pk": 42,
    "fields": {
      "name": "1_unloc1",
      "assembly": 2,
      "accession": "JAENSK010000001.1",
      "chromosomal": false,
      "chromosome_rank": null,
      "length": 42181,
      "sequence_location": "SO:0000738",
      "md5": null,
      "sha512t4u": null
    }
  },
  {
    "model": "ensembl_metadata.assemblysequence",
    "pk": 43,
    "fields": {
      "name": "1_unloc2",
      "assembly": 2,
      "accession": "JAENSK010000002.1",
      "chromosomal": false,
      "chromosome_rank": null,
      "length": 76880,
      "sequence_location": "SO:0000738",
      "md5": null,
      "sha512t4u": null
    }
  },
  {
    "model": "ensembl_metadata.assemblysequence",
    "pk": 44,
    "fields": {
      "name": "1_unloc3",
      "assembly": 2,
      "accession": "JAENSK010000033.1",
      "chromosomal": false,
      "chromosome_rank": null,
      "length": 38338,
      "sequence_location": "SO:0000738",
      "md5": null,
      "sha512t4u": null
    }
  },
  {
    "model": "ensembl_metadata.assemblysequence",
    "pk": 45,
    "fields": {
      "name": "1_unloc4",
      "assembly": 2,
      "accession": "JAENSK010000034.1",
      "chromosomal": false,
      "chromosome_rank": null,
      "length": 50781,
      "sequence_location": "SO:0000738",
      "md5": null,
      "sha512t4u": null
    }
  },
  {
    "model": "ensembl_metadata.assemblysequence",
    "pk": 46,
    "fields": {
      "name": "4_unloc1",
      "assembly": 2,
      "accession": "JAENSK010000082.1",
      "chromosomal": false,
      "chromosome_rank": null,
      "length": 24491,
      "sequence_location": "SO:0000738",
      "md5": null,
      "sha512t4u": null
    }
  },
  {
    "model": "ensembl_metadata.assemblysequence",
    "pk": 47,
    "fields": {
      "name": "4_unloc2",
      "assembly": 2,
      "accession": "JAENSK010000083.1",
      "chromosomal": false,
      "chromosome_rank": null,
      "length": 23670,
      "sequence_location": "SO:0000738",
      "md5": null,
      "sha512t4u": null
    }
  },
  {
    "model": "ensembl_metadata.assemblysequence",
    "pk": 48,
    "fields": {
      "name": "16_unloc1",
      "assembly": 2,
      "accession": "JAENSK010000291.1",
      "chromosomal": false,
      "chromosome_rank": null,
      "length": 64959,
      "sequence_location": "SO:0000738",
      "md5": null,
      "sha512t4u": null
    }
  },
  {
    "model": "ensembl_metadata.assemblysequence",
    "pk": 49,
    "fields": {
      "name": "16_unloc3",
      "assembly": 2,
      "accession": "JAENSK010000294.1",
      "chromosomal": false,
      "chromosome_rank": null,
      "length": 24076,
      "sequence_location": "SO:0000738",
      "md5": null,
      "sha512t4u": null
    }
  },
  {
    "model": "ensembl_metadata.assemblysequence",
    "pk": 50,
    "fields": {
      "name": "16_unloc4",
      "assembly": 2,
      "accession": "JAENSK010000295.1",
      "chromosomal": false,
      "chromosome_rank": null,
      "length": 27394,
      "sequence_location": "SO:0000738",
      "md5": null,
      "sha512t4u": null
    }
  },
  {
    "model": "ensembl_metadata.assemblysequence",
    "pk": 51,
    "fields": {
      "name": "16_unloc5",
      "assembly": 2,
      "accession": "JAENSK010000296.1",
      "chromosomal": false,
      "chromosome_rank": null,
      "length": 76531,
      "sequence_location": "SO:0000738",
      "md5": null,
      "sha512t4u": null
    }
  },
  {
    "model": "ensembl_metadata.assemblysequence",
    "pk": 52,
    "fields": {
      "name": "16_unloc2",
      "assembly": 2,
      "accession": "MU179258.1",
      "chromosomal": false,
      "chromosome_rank": null,
      "length": 236755,
      "sequence_location": "SO:0000738",
      "md5": null,
      "sha512t4u": null
    }
  },
  {
    "model": "ensembl_metadata.assemblysequence",
    "pk": 53,
    "fields": {
      "name": "29_unloc1",
      "assembly": 2,
      "accession": "JAENSK010000383.1",
      "chromosomal": false,
      "chromosome_rank": null,
      "length": 39239,
      "sequence_location": "SO:0000738",
      "md5": null,
      "sha512t4u": null
    }
  },
  {
    "model": "ensembl_metadata.assemblysequence",
    "pk": 54,
    "fields": {
      "name": "29_unloc2",
      "assembly": 2,
      "accession": "JAENSK010000384.1",
      "chromosomal": false,
      "chromosome_rank": null,
      "length": 52620,
      "sequence_location": "SO:0000738",
      "md5": null,
      "sha512t4u": null
    }
  },
  {
    "model": "ensembl_metadata.assemblysequence",
    "pk": 55,
    "fields": {
      "name": "31_unloc1",
      "assembly": 2,
      "accession": "JAENSK010000409.1",
      "chromosomal": false,
      "chromosome_rank": null,
      "length": 89875,
      "sequence_location": "SO:0000738",
      "md5": null,
      "sha512t4u": null
    }
  },
  {
    "model": "ensembl_metadata.assemblysequence",
    "pk": 56,
    "fields": {
      "name": "31_unloc2",
      "assembly": 2,
      "accession": "JAENSK010000410.1",
      "chromosomal": false,
      "chromosome_rank": null,
      "length": 52746,
      "sequence_location": "SO:0000738",
      "md5": null,
      "sha512t4u": null
    }
  },
  {
    "model": "ensembl_metadata.assemblysequence",
    "pk": 57,
    "fields": {
      "name": "31_unloc3",
      "assembly": 2,
      "accession": "MU179259.1",
      "chromosomal": false,
      "chromosome_rank": null,
      "length": 105159,
      "sequence_location": "SO:0000738",
      "md5": null,
      "sha512t4u": null
    }
  },
  {
    "model": "ensembl_metadata.assemblysequence",
    "pk": 58,
    "fields": {
      "name": "32_unloc2",
      "assembly": 2,
      "accession": "JAENSK010000416.1",
      "chromosomal": false,
      "chromosome_rank": null,
      "length": 72078,
      "sequence_location": "SO:0000738",
      "md5": null,
      "sha512t4u": null
    }
  },
  {
    "model": "ensembl_metadata.assemblysequence",
    "pk": 59,
    "fields": {
      "name": "32_unloc3",
      "assembly": 2,
      "accession": "JAENSK010000417.1",
      "chromosomal": false,
      "chromosome_rank": null,
      "length": 54963,
      "sequence_location": "SO:0000738",
      "md5": null,
      "sha512t4u": null
    }
  },
  {
    "model": "ensembl_metadata.assemblysequence",
    "pk": 60,
    "fields": {
      "name": "32_unloc4",
      "assembly": 2,
      "accession": "JAENSK010000418.1",
      "chromosomal": false,
      "chromosome_rank": null,
      "length": 43198,
      "sequence_location": "SO:0000738",
      "md5": null,
      "sha512t4u": null
    }
  },
  {
    "model": "ensembl_metadata.assemblysequence",
    "pk": 61,
    "fields": {
      "name": "32_unloc5",
      "assembly": 2,
      "accession": "JAENSK010000419.1",
      "chromosomal": false,
      "chromosome_rank": null,
      "length": 105149,
      "sequence_location": "SO:0000738",
      "md5": null,
      "sha512t4u": null
    }
  },
  {
    "model": "ensembl_metadata.assemblysequence",
    "pk": 62,
    "fields": {
      "name": "32_unloc6",
      "assembly": 2,
      "accession": "JAENSK010000420.1",
      "chromosomal": false,
      "chromosome_rank": null,
      "length": 70221,
      "sequence_location": "SO:0000738",
      "md5": null,
      "sha512t4u": null
    }
  },
  {
    "model": "ensembl_metadata.assemblysequence",
    "pk": 63,
    "fields": {
      "name": "32_unloc1",
      "assembly": 2,
      "accession": "MU179260.1",
      "chromosomal": false,
      "chromosome_rank": null,
      "length": 99000,
      "sequence_location": "SO:0000738",
      "md5": null,
      "sha512t4u": null
    }
  },
  {
    "model": "ensembl_metadata.assemblysequence",
    "pk": 64,
    "fields": {
      "name": "33_unloc1",
      "assembly": 2,
      "accession": "JAENSK010000437.1",
      "chromosomal": false,
      "chromosome_rank": null,
      "length": 62499,
      "sequence_location": "SO:0000738",
      "md5": null,
      "sha512t4u": null
    }
  },
  {
    "model": "ensembl_metadata.assemblysequence",
    "pk": 65,
    "fields": {
      "name": "33_unloc2",
      "assembly": 2,
      "accession": "JAENSK010000438.1",
      "chromosomal": false,
      "chromosome_rank": null,
      "length": 52169,
      "sequence_location": "SO:0000738",
      "md5": null,
      "sha512t4u": null
    }
  },
  {
    "model": "ensembl_metadata.assemblysequence",
    "pk": 66,
    "fields": {
      "name": "35_unloc2",
      "assembly": 2,
      "accession": "JAENSK010000448.1",
      "chromosomal": false,
      "chromosome_rank": null,
      "length": 52716,
      "sequence_location": "SO:0000738",
      "md5": null,
      "sha512t4u": null
    }
  },
  {
    "model": "ensembl_metadata.assemblysequence",
    "pk": 67,
    "fields": {
      "name": "35_unloc3",
      "assembly": 2,
      "accession": "JAENSK010000449.1",
      "chromosomal": false,
      "chromosome_rank": null,
      "length": 31960,
      "sequence_location": "SO:0000738",
      "md5": null,
      "sha512t4u": null
    }
  },
  {
    "model": "ensembl_metadata.assemblysequence",
    "pk": 68,
    "fields": {
      "name": "35_unloc5",
      "assembly": 2,
      "accession": "JAENSK010000452.1",
      "chromosomal": false,
      "chromosome_rank": null,
      "length": 44029,
      "sequence_location": "SO:0000738",
      "md5": null,
      "sha512t4u": null
    }
  },
  {
    "model": "ensembl_metadata.assemblysequence",
    "pk": 69,
    "fields": {
      "name": "35_unloc1",
      "assembly": 2,
      "accession": "MU179261.1",
      "chromosomal": false,
      "chromosome_rank": null,
      "length": 259507,
      "sequence_location": "SO:0000738",
      "md5": null,
      "sha512t4u": null
    }
  },
  {
    "model": "ensembl_metadata.assemblysequence",
    "pk": 70,
    "fields": {
      "name": "35_unloc4",
      "assembly": 2,
      "accession": "MU179262.1",
      "chromosomal": false,
      "chromosome_rank": null,
      "length": 83545,
      "sequence_location": "SO:0000738",
      "md5": null,
      "sha512t4u": null
    }
  },
  {
    "model": "ensembl_metadata.assemblysequence",
    "pk": 71,
    "fields": {
      "name": "36_unloc3",
      "assembly": 2,
      "accession": "JAENSK010000477.1",
      "chromosomal": false,
      "chromosome_rank": null,
      "length": 39716,
      "sequence_location": "SO:0000738",
      "md5": null,
      "sha512t4u": null
    }
  },
  {
    "model": "ensembl_metadata.assemblysequence",
    "pk": 72,
    "fields": {
      "name": "36_unloc4",
      "assembly": 2,
      "accession": "JAENSK010000478.1",
      "chromosomal": false,
      "chromosome_rank": null,
      "length": 39622,
      "sequence_location": "SO:0000738",
      "md5": null,
      "sha512t4u": null
    }
  },
  {
    "model": "ensembl_metadata.assemblysequence",
    "pk": 73,
    "fields": {
      "name": "36_unloc5",
      "assembly": 2,
      "accession": "JAENSK010000479.1",
      "chromosomal": false,
      "chromosome_rank": null,
      "length": 28486,
      "sequence_location": "SO:0000738",
      "md5": null,
      "sha512t4u": null
    }
  },
  {
    "model": "ensembl_metadata.assemblysequence",
    "pk": 74,
    "fields": {
      "name": "36_unloc1",
      "assembly": 2,
      "accession": "MU179263.1",
      "chromosomal": false,
      "chromosome_rank": null,
      "length": 244274,
      "sequence_location": "SO:0000738",
      "md5": null,
      "sha512t4u": null
    }
  },
  {
    "model": "ensembl_metadata.assemblysequence",
    "pk": 75,
    "fields": {
      "name": "36_unloc2",
      "assembly": 2,
      "accession": "MU179264.1",
      "chromosomal": false,
      "chromosome_rank": null,
      "length": 135931,
      "sequence_location": "SO:0000738",
      "md5": null,
      "sha512t4u": null
    }
  },
  {
    "model": "ensembl_metadata.assemblysequence",
    "pk": 76,
    "fields": {
      "name": "36_unloc6",
      "assembly": 2,
      "accession": "MU179265.1",
      "chromosomal": false,
      "chromosome_rank": null,
      "length": 90962,
      "sequence_location": "SO:0000738",
      "md5": null,
      "sha512t4u": null
    }
  },
  {
    "model": "ensembl_metadata.assemblysequence",
    "pk": 77,
    "fields": {
      "name": "37_unloc1",
      "assembly": 2,
      "accession": "JAENSK010000459.1",
      "chromosomal": false,
      "chromosome_rank": null,
      "length": 183934,
      "sequence_location": "SO:0000738",
      "md5": null,
      "sha512t4u": null
    }
  },
  {
    "model": "ensembl_metadata.assemblysequence",
    "pk": 78,
    "fields": {
      "name": "37_unloc2",
      "assembly": 2,
      "accession": "JAENSK010000460.1",
      "chromosomal": false,
      "chromosome_rank": null,
      "length": 56170,
      "sequence_location": "SO:0000738",
      "md5": null,
      "sha512t4u": null
    }
  },
  {
    "model": "ensembl_metadata.assemblysequence",
    "pk": 79,
    "fields": {
      "name": "37_unloc3",
      "assembly": 2,
      "accession": "JAENSK010000461.1",
      "chromosomal": false,
      "chromosome_rank": null,
      "length": 147375,
      "sequence_location": "SO:0000738",
      "md5": null,
      "sha512t4u": null
    }
  },
  {
    "model": "ensembl_metadata.assemblysequence",
    "pk": 80,
    "fields": {
      "name": "37_unloc4",
      "assembly": 2,
      "accession": "JAENSK010000462.1",
      "chromosomal": false,
      "chromosome_rank": null,
      "length": 123103,
      "sequence_location": "SO:0000738",
      "md5": null,
      "sha512t4u": null
    }
  },
  {
    "model": "ensembl_metadata.assemblysequence",
    "pk": 81,
    "fields": {
      "name": "37_unloc5",
      "assembly": 2,
      "accession": "JAENSK010000465.1",
      "chromosomal": false,
      "chromosome_rank": null,
      "length": 56291,
      "sequence_location": "SO:0000738",
      "md5": null,
      "sha512t4u": null
    }
  },
  {
    "model": "ensembl_metadata.assemblysequence",
    "pk": 82,
    "fields": {
      "name": "37_unloc6",
      "assembly": 2,
      "accession": "JAENSK010000466.1",
      "chromosomal": false,
      "chromosome_rank": null,
      "length": 61860,
      "sequence_location": "SO:0000738",
      "md5": null,
      "sha512t4u": null
    }
  },
  {
    "model": "ensembl_metadata.assemblysequence",
    "pk": 83,
    "fields": {
      "name": "39_unloc1",
      "assembly": 2,
      "accession": "JAENSK010000483.1",
      "chromosomal": false,
      "chromosome_rank": null,
      "length": 60241,
      "sequence_location": "SO:0000738",
      "md5": null,
      "sha512t4u": null
    }
  },
  {
    "model": "ensembl_metadata.assemblysequence",
    "pk": 84,
    "fields": {
      "name": "39_unloc2",
      "assembly": 2,
      "accession": "JAENSK010000484.1",
      "chromosomal": false,
      "chromosome_rank": null,
      "length": 122554,
      "sequence_location": "SO:0000738",
      "md5": null,
      "sha512t4u": null
    }
  },
  {
    "model": "ensembl_metadata.assemblysequence",
    "pk": 85,
    "fields": {
      "name": "W_unloc1",
      "assembly": 2,
      "accession": "JAENSK010000526.1",
      "chromosomal": false,
      "chromosome_rank": null,
      "length": 103662,
      "sequence_location": "SO:0000738",
      "md5": null,
      "sha512t4u": null
    }
  },
  {
    "model": "ensembl_metadata.assemblysequence",
    "pk": 86,
    "fields": {
      "name": "W_unloc2",
      "assembly": 2,
      "accession": "JAENSK010000527.1",
      "chromosomal": false,
      "chromosome_rank": null,
      "length": 96352,
      "sequence_location": "SO:0000738",
      "md5": null,
      "sha512t4u": null
    }
  },
  {
    "model": "ensembl_metadata.assemblysequence",
    "pk": 87,
    "fields": {
      "name": "W_unloc5",
      "assembly": 2,
      "accession": "JAENSK010000532.1",
      "chromosomal": false,
      "chromosome_rank": null,
      "length": 102867,
      "sequence_location": "SO:0000738",
      "md5": null,
      "sha512t4u": null
    }
  },
  {
    "model": "ensembl_metadata.assemblysequence",
    "pk": 88,
    "fields": {
      "name": "W_unloc6",
      "assembly": 2,
      "accession": "JAENSK010000533.1",
      "chromosomal": false,
      "chromosome_rank": null,
      "length": 75790,
      "sequence_location": "SO:0000738",
      "md5": null,
      "sha512t4u": null
    }
  },
  {
    "model": "ensembl_metadata.assemblysequence",
    "pk": 89,
    "fields": {
      "name": "W_unloc7",
      "assembly": 2,
      "accession": "JAENSK010000534.1",
      "chromosomal": false,
      "chromosome_rank": null,
      "length": 59700,
      "sequence_location": "SO:0000738",
      "md5": null,
      "sha512t4u": null
    }
  },
  {
    "model": "ensembl_metadata.assemblysequence",
    "pk": 90,
    "fields": {
      "name": "W_unloc9",
      "assembly": 2,
      "accession": "JAENSK010000538.1",
      "chromosomal": false,
      "chromosome_rank": null,
      "length": 184108,
      "sequence_location": "SO:0000738",
      "md5": null,
      "sha512t4u": null
    }
  },
  {
    "model": "ensembl_metadata.assemblysequence",
    "pk": 91,
    "fields": {
      "name": "W_unloc10",
      "assembly": 2,
      "accession": "JAENSK010000539.1",
      "chromosomal": false,
      "chromosome_rank": null,
      "length": 107179,
      "sequence_location": "SO:0000738",
      "md5": null,
      "sha512t4u": null
    }
  },
  {
    "model": "ensembl_metadata.assemblysequence",
    "pk": 92,
    "fields": {
      "name": "W_unloc11",
      "assembly": 2,
      "accession": "JAENSK010000540.1",
      "chromosomal": false,
      "chromosome_rank": null,
      "length": 70535,
      "sequence_location": "SO:0000738",
      "md5": null,
      "sha512t4u": null
    }
  },
  {
    "model": "ensembl_metadata.assemblysequence",
    "pk": 93,
    "fields": {
      "name": "W_unloc12",
      "assembly": 2,
      "accession": "JAENSK010000541.1",
      "chromosomal": false,
      "chromosome_rank": null,
      "length": 83855,
      "sequence_location": "SO:0000738",
      "md5": null,
      "sha512t4u": null
    }
  },
  {
    "model": "ensembl_metadata.assemblysequence",
    "pk": 94,
    "fields": {
      "name": "W_unloc13",
      "assembly": 2,
      "accession": "JAENSK010000542.1",
      "chromosomal": false,
      "chromosome_rank": null,
      "length": 62949,
      "sequence_location": "SO:0000738",
      "md5": null,
      "sha512t4u": null
    }
  },
  {
    "model": "ensembl_metadata.assemblysequence",
    "pk": 95,
    "fields": {
      "name": "W_unloc14",
      "assembly": 2,
      "accession": "JAENSK010000543.1",
      "chromosomal": false,
      "chromosome_rank": null,
      "length": 72665,
      "sequence_location": "SO:0000738",
      "md5": null,
      "sha512t4u": null
    }
  },
  {
    "model": "ensembl_metadata.assemblysequence",
    "pk": 96,
    "fields": {
      "name": "W_unloc15",
      "assembly": 2,
      "accession": "JAENSK010000544.1",
      "chromosomal": false,
      "chromosome_rank": null,
      "length": 68472,
      "sequence_location": "SO:0000738",
      "md5": null,
      "sha512t4u": null
    }
  },
  {
    "model": "ensembl_metadata.assemblysequence",
    "pk": 97,
    "fields": {
      "name": "W_unloc16",
      "assembly": 2,
      "accession": "JAENSK010000545.1",
      "chromosomal": false,
      "chromosome_rank": null,
      "length": 43858,
      "sequence_location": "SO:0000738",
      "md5": null,
      "sha512t4u": null
    }
  },
  {
    "model": "ensembl_metadata.assemblysequence",
    "pk": 98,
    "fields": {
      "name": "W_unloc17",
      "assembly": 2,
      "accession": "JAENSK010000546.1",
      "chromosomal": false,
      "chromosome_rank": null,
      "length": 65185,
      "sequence_location": "SO:0000738",
      "md5": null,
      "sha512t4u": null
    }
  },
  {
    "model": "ensembl_metadata.assemblysequence",
    "pk": 99,
    "fields": {
      "name": "W_unloc18",
      "assembly": 2,
      "accession": "JAENSK010000547.1",
      "chromosomal": false,
      "chromosome_rank": null,
      "length": 121826,
      "sequence_location": "SO:0000738",
      "md5": null,
      "sha512t4u": null
    }
  },
  {
    "model": "ensembl_metadata.assemblysequence",
    "pk": 100,
    "fields": {
      "name": "W_unloc3",
      "assembly": 2,
      "accession": "MU179266.1",
      "chromosomal": false,
      "chromosome_rank": null,
      "length": 179921,
      "sequence_location": "SO:0000738",
      "md5": null,
      "sha512t4u": null
    }
  },
  {
    "model": "ensembl_metadata.assemblysequence",
    "pk": 101,
    "fields": {
      "name": "W_unloc4",
      "assembly": 2,
      "accession": "MU179267.1",
      "chromosomal": false,
      "chromosome_rank": null,
      "length": 63726,
      "sequence_location": "SO:0000738",
      "md5": null,
      "sha512t4u": null
    }
  },
  {
    "model": "ensembl_metadata.assemblysequence",
    "pk": 102,
    "fields": {
      "name": "W_unloc8",
      "assembly": 2,
      "accession": "MU179268.1",
      "chromosomal": false,
      "chromosome_rank": null,
      "length": 454552,
      "sequence_location": "SO:0000738",
      "md5": null,
      "sha512t4u": null
    }
  },
  {
    "model": "ensembl_metadata.assemblysequence",
    "pk": 103,
    "fields": {
      "name": "W_unloc19",
      "assembly": 2,
      "accession": "MU179269.1",
      "chromosomal": false,
      "chromosome_rank": null,
      "length": 157377,
      "sequence_location": "SO:0000738",
      "md5": null,
      "sha512t4u": null
    }
  },
  {
    "model": "ensembl_metadata.assemblysequence",
    "pk": 104,
    "fields": {
      "name": "scaffold_46",
      "assembly": 2,
      "accession": "JAENSK010000565.1",
      "chromosomal": false,
      "chromosome_rank": null,
      "length": 172381,
      "sequence_location": "SO:0000738",
      "md5": null,
      "sha512t4u": null
    }
  },
  {
    "model": "ensembl_metadata.assemblysequence",
    "pk": 105,
    "fields": {
      "name": "scaffold_48",
      "assembly": 2,
      "accession": "JAENSK010000568.1",
      "chromosomal": false,
      "chromosome_rank": null,
      "length": 48159,
      "sequence_location": "SO:0000738",
      "md5": null,
      "sha512t4u": null
    }
  },
  {
    "model": "ensembl_metadata.assemblysequence",
    "pk": 106,
    "fields": {
      "name": "scaffold_50",
      "assembly": 2,
      "accession": "JAENSK010000571.1",
      "chromosomal": false,
      "chromosome_rank": null,
      "length": 56807,
      "sequence_location": "SO:0000738",
      "md5": null,
      "sha512t4u": null
    }
  },
  {
    "model": "ensembl_metadata.assemblysequence",
    "pk": 107,
    "fields": {
      "name": "scaffold_51",
      "assembly": 2,
      "accession": "JAENSK010000572.1",
      "chromosomal": false,
      "chromosome_rank": null,
      "length": 56774,
      "sequence_location": "SO:0000738",
      "md5": null,
      "sha512t4u": null
    }
  },
  {
    "model": "ensembl_metadata.assemblysequence",
    "pk": 108,
    "fields": {
      "name": "scaffold_52",
      "assembly": 2,
      "accession": "JAENSK010000573.1",
      "chromosomal": false,
      "chromosome_rank": null,
      "length": 121294,
      "sequence_location": "SO:0000738",
      "md5": null,
      "sha512t4u": null
    }
  },
  {
    "model": "ensembl_metadata.assemblysequence",
    "pk": 109,
    "fields": {
      "name": "scaffold_54",
      "assembly": 2,
      "accession": "JAENSK010000576.1",
      "chromosomal": false,
      "chromosome_rank": null,
      "length": 46453,
      "sequence_location": "SO:0000738",
      "md5": null,
      "sha512t4u": null
    }
  },
  {
    "model": "ensembl_metadata.assemblysequence",
    "pk": 110,
    "fields": {
      "name": "scaffold_56",
      "assembly": 2,
      "accession": "JAENSK010000579.1",
      "chromosomal": false,
      "chromosome_rank": null,
      "length": 76213,
      "sequence_location": "SO:0000738",
      "md5": null,
      "sha512t4u": null
    }
  },
  {
    "model": "ensembl_metadata.assemblysequence",
    "pk": 111,
    "fields": {
      "name": "scaffold_57",
      "assembly": 2,
      "accession": "JAENSK010000580.1",
      "chromosomal": false,
      "chromosome_rank": null,
      "length": 102453,
      "sequence_location": "SO:0000738",
      "md5": null,
      "sha512t4u": null
    }
  },
  {
    "model": "ensembl_metadata.assemblysequence",
    "pk": 112,
    "fields": {
      "name": "scaffold_58",
      "assembly": 2,
      "accession": "JAENSK010000581.1",
      "chromosomal": false,
      "chromosome_rank": null,
      "length": 51278,
      "sequence_location": "SO:0000738",
      "md5": null,
      "sha512t4u": null
    }
  },
  {
    "model": "ensembl_metadata.assemblysequence",
    "pk": 113,
    "fields": {
      "name": "scaffold_60",
      "assembly": 2,
      "accession": "JAENSK010000584.1",
      "chromosomal": false,
      "chromosome_rank": null,
      "length": 132137,
      "sequence_location": "SO:0000738",
      "md5": null,
      "sha512t4u": null
    }
  },
  {
    "model": "ensembl_metadata.assemblysequence",
    "pk": 114,
    "fields": {
      "name": "scaffold_61",
      "assembly": 2,
      "accession": "JAENSK010000585.1",
      "chromosomal": false,
      "chromosome_rank": null,
      "length": 82910,
      "sequence_location": "SO:0000738",
      "md5": null,
      "sha512t4u": null
    }
  },
  {
    "model": "ensembl_metadata.assemblysequence",
    "pk": 115,
    "fields": {
      "name": "scaffold_62",
      "assembly": 2,
      "accession": "JAENSK010000586.1",
      "chromosomal": false,
      "chromosome_rank": null,
      "length": 45339,
      "sequence_location": "SO:0000738",
      "md5": null,
      "sha512t4u": null
    }
  },
  {
    "model": "ensembl_metadata.assemblysequence",
    "pk": 116,
    "fields": {
      "name": "scaffold_63",
      "assembly": 2,
      "accession": "JAENSK010000587.1",
      "chromosomal": false,
      "chromosome_rank": null,
      "length": 37135,
      "sequence_location": "SO:0000738",
      "md5": null,
      "sha512t4u": null
    }
  },
  {
    "model": "ensembl_metadata.assemblysequence",
    "pk": 117,
    "fields": {
      "name": "scaffold_64",
      "assembly": 2,
      "accession": "JAENSK010000588.1",
      "chromosomal": false,
      "chromosome_rank": null,
      "length": 28217,
      "sequence_location": "SO:0000738",
      "md5": null,
      "sha512t4u": null
    }
  },
  {
    "model": "ensembl_metadata.assemblysequence",
    "pk": 118,
    "fields": {
      "name": "scaffold_65",
      "assembly": 2,
      "accession": "JAENSK010000589.1",
      "chromosomal": false,
      "chromosome_rank": null,
      "length": 27687,
      "sequence_location": "SO:0000738",
      "md5": null,
      "sha512t4u": null
    }
  },
  {
    "model": "ensembl_metadata.assemblysequence",
    "pk": 119,
    "fields": {
      "name": "scaffold_67",
      "assembly": 2,
      "accession": "JAENSK010000592.1",
      "chromosomal": false,
      "chromosome_rank": null,
      "length": 43833,
      "sequence_location": "SO:0000738",
      "md5": null,
      "sha512t4u": null
    }
  },
  {
    "model": "ensembl_metadata.assemblysequence",
    "pk": 120,
    "fields": {
      "name": "scaffold_68",
      "assembly": 2,
      "accession": "JAENSK010000593.1",
      "chromosomal": false,
      "chromosome_rank": null,
      "length": 37288,
      "sequence_location": "SO:0000738",
      "md5": null,
      "sha512t4u": null
    }
  },
  {
    "model": "ensembl_metadata.assemblysequence",
    "pk": 121,
    "fields": {
      "name": "scaffold_69",
      "assembly": 2,
      "accession": "JAENSK010000594.1",
      "chromosomal": false,
      "chromosome_rank": null,
      "length": 36282,
      "sequence_location": "SO:0000738",
      "md5": null,
      "sha512t4u": null
    }
  },
  {
    "model": "ensembl_metadata.assemblysequence",
    "pk": 122,
    "fields": {
      "name": "scaffold_70",
      "assembly": 2,
      "accession": "JAENSK010000595.1",
      "chromosomal": false,
      "chromosome_rank": null,
      "length": 35597,
      "sequence_location": "SO:0000738",
      "md5": null,
      "sha512t4u": null
    }
  },
  {
    "model": "ensembl_metadata.assemblysequence",
    "pk": 123,
    "fields": {
      "name": "scaffold_71",
      "assembly": 2,
      "accession": "JAENSK010000596.1",
      "chromosomal": false,
      "chromosome_rank": null,
      "length": 71264,
      "sequence_location": "SO:0000738",
      "md5": null,
      "sha512t4u": null
    }
  },
  {
    "model": "ensembl_metadata.assemblysequence",
    "pk": 124,
    "fields": {
      "name": "scaffold_72",
      "assembly": 2,
      "accession": "JAENSK010000597.1",
      "chromosomal": false,
      "chromosome_rank": null,
      "length": 35936,
      "sequence_location": "SO:0000738",
      "md5": null,
      "sha512t4u": null
    }
  },
  {
    "model": "ensembl_metadata.assemblysequence",
    "pk": 125,
    "fields": {
      "name": "scaffold_73",
      "assembly": 2,
      "accession": "JAENSK010000598.1",
      "chromosomal": false,
      "chromosome_rank": null,
      "length": 75927,
      "sequence_location": "SO:0000738",
      "md5": null,
      "sha512t4u": null
    }
  },
  {
    "model": "ensembl_metadata.assemblysequence",
    "pk": 126,
    "fields": {
      "name": "scaffold_74",
      "assembly": 2,
      "accession": "JAENSK010000599.1",
      "chromosomal": false,
      "chromosome_rank": null,
      "length": 54073,
      "sequence_location": "SO:0000738",
      "md5": null,
      "sha512t4u": null
    }
  },
  {
    "model": "ensembl_metadata.assemblysequence",
    "pk": 127,
    "fields": {
      "name": "scaffold_75",
      "assembly": 2,
      "accession": "JAENSK010000600.1",
      "chromosomal": false,
      "chromosome_rank": null,
      "length": 77924,
      "sequence_location": "SO:0000738",
      "md5": null,
      "sha512t4u": null
    }
  },
  {
    "model": "ensembl_metadata.assemblysequence",
    "pk": 128,
    "fields": {
      "name": "scaffold_76",
      "assembly": 2,
      "accession": "JAENSK010000601.1",
      "chromosomal": false,
      "chromosome_rank": null,
      "length": 91947,
      "sequence_location": "SO:0000738",
      "md5": null,
      "sha512t4u": null
    }
  },
  {
    "model": "ensembl_metadata.assemblysequence",
    "pk": 129,
    "fields": {
      "name": "scaffold_77",
      "assembly": 2,
      "accession": "JAENSK010000602.1",
      "chromosomal": false,
      "chromosome_rank": null,
      "length": 99652,
      "sequence_location": "SO:0000738",
      "md5": null,
      "sha512t4u": null
    }
  },
  {
    "model": "ensembl_metadata.assemblysequence",
    "pk": 130,
    "fields": {
      "name": "scaffold_78",
      "assembly": 2,
      "accession": "JAENSK010000603.1",
      "chromosomal": false,
      "chromosome_rank": null,
      "length": 128647,
      "sequence_location": "SO:0000738",
      "md5": null,
      "sha512t4u": null
    }
  },
  {
    "model": "ensembl_metadata.assemblysequence",
    "pk": 131,
    "fields": {
      "name": "scaffold_79",
      "assembly": 2,
      "accession": "JAENSK010000604.1",
      "chromosomal": false,
      "chromosome_rank": null,
      "length": 73711,
      "sequence_location": "SO:0000738",
      "md5": null,
      "sha512t4u": null
    }
  },
  {
    "model": "ensembl_metadata.assemblysequence",
    "pk": 132,
    "fields": {
      "name": "scaffold_80",
      "assembly": 2,
      "accession": "JAENSK010000605.1",
      "chromosomal": false,
      "chromosome_rank": null,
      "length": 50063,
      "sequence_location": "SO:0000738",
      "md5": null,
      "sha512t4u": null
    }
  },
  {
    "model": "ensembl_metadata.assemblysequence",
    "pk": 133,
    "fields": {
      "name": "scaffold_81",
      "assembly": 2,
      "accession": "JAENSK010000606.1",
      "chromosomal": false,
      "chromosome_rank": null,
      "length": 95042,
      "sequence_location": "SO:0000738",
      "md5": null,
      "sha512t4u": null
    }
  },
  {
    "model": "ensembl_metadata.assemblysequence",
    "pk": 134,
    "fields": {
      "name": "scaffold_82",
      "assembly": 2,
      "accession": "JAENSK010000607.1",
      "chromosomal": false,
      "chromosome_rank": null,
      "length": 94594,
      "sequence_location": "SO:0000738",
      "md5": null,
      "sha512t4u": null
    }
  },
  {
    "model": "ensembl_metadata.assemblysequence",
    "pk": 135,
    "fields": {
      "name": "scaffold_83",
      "assembly": 2,
      "accession": "JAENSK010000608.1",
      "chromosomal": false,
      "chromosome_rank": null,
      "length": 77453,
      "sequence_location": "SO:0000738",
      "md5": null,
      "sha512t4u": null
    }
  },
  {
    "model": "ensembl_metadata.assemblysequence",
    "pk": 136,
    "fields": {
      "name": "scaffold_84",
      "assembly": 2,
      "accession": "JAENSK010000609.1",
      "chromosomal": false,
      "chromosome_rank": null,
      "length": 73086,
      "sequence_location": "SO:0000738",
      "md5": null,
      "sha512t4u": null
    }
  },
  {
    "model": "ensembl_metadata.assemblysequence",
    "pk": 137,
    "fields": {
      "name": "scaffold_85",
      "assembly": 2,
      "accession": "JAENSK010000610.1",
      "chromosomal": false,
      "chromosome_rank": null,
      "length": 66990,
      "sequence_location": "SO:0000738",
      "md5": null,
      "sha512t4u": null
    }
  },
  {
    "model": "ensembl_metadata.assemblysequence",
    "pk": 138,
    "fields": {
      "name": "scaffold_86",
      "assembly": 2,
      "accession": "JAENSK010000611.1",
      "chromosomal": false,
      "chromosome_rank": null,
      "length": 64784,
      "sequence_location": "SO:0000738",
      "md5": null,
      "sha512t4u": null
    }
  },
  {
    "model": "ensembl_metadata.assemblysequence",
    "pk": 139,
    "fields": {
      "name": "scaffold_87",
      "assembly": 2,
      "accession": "JAENSK010000612.1",
      "chromosomal": false,
      "chromosome_rank": null,
      "length": 61262,
      "sequence_location": "SO:0000738",
      "md5": null,
      "sha512t4u": null
    }
  },
  {
    "model": "ensembl_metadata.assemblysequence",
    "pk": 140,
    "fields": {
      "name": "scaffold_88",
      "assembly": 2,
      "accession": "JAENSK010000613.1",
      "chromosomal": false,
      "chromosome_rank": null,
      "length": 60993,
      "sequence_location": "SO:0000738",
      "md5": null,
      "sha512t4u": null
    }
  },
  {
    "model": "ensembl_metadata.assemblysequence",
    "pk": 141,
    "fields": {
      "name": "scaffold_89",
      "assembly": 2,
      "accession": "JAENSK010000614.1",
      "chromosomal": false,
      "chromosome_rank": null,
      "length": 60148,
      "sequence_location": "SO:0000738",
      "md5": null,
      "sha512t4u": null
    }
  },
  {
    "model": "ensembl_metadata.assemblysequence",
    "pk": 142,
    "fields": {
      "name": "scaffold_90",
      "assembly": 2,
      "accession": "JAENSK010000615.1",
      "chromosomal": false,
      "chromosome_rank": null,
      "length": 58765,
      "sequence_location": "SO:0000738",
      "md5": null,
      "sha512t4u": null
    }
  },
  {
    "model": "ensembl_metadata.assemblysequence",
    "pk": 143,
    "fields": {
      "name": "scaffold_91",
      "assembly": 2,
      "accession": "JAENSK010000616.1",
      "chromosomal": false,
      "chromosome_rank": null,
      "length": 57327,
      "sequence_location": "SO:0000738",
      "md5": null,
      "sha512t4u": null
    }
  },
  {
    "model": "ensembl_metadata.assemblysequence",
    "pk": 144,
    "fields": {
      "name": "scaffold_92",
      "assembly": 2,
      "accession": "JAENSK010000617.1",
      "chromosomal": false,
      "chromosome_rank": null,
      "length": 57283,
      "sequence_location": "SO:0000738",
      "md5": null,
      "sha512t4u": null
    }
  },
  {
    "model": "ensembl_metadata.assemblysequence",
    "pk": 145,
    "fields": {
      "name": "scaffold_93",
      "assembly": 2,
      "accession": "JAENSK010000618.1",
      "chromosomal": false,
      "chromosome_rank": null,
      "length": 55004,
      "sequence_location": "SO:0000738",
      "md5": null,
      "sha512t4u": null
    }
  },
  {
    "model": "ensembl_metadata.assemblysequence",
    "pk": 146,
    "fields": {
      "name": "scaffold_94",
      "assembly": 2,
      "accession": "JAENSK010000619.1",
      "chromosomal": false,
      "chromosome_rank": null,
      "length": 51700,
      "sequence_location": "SO:0000738",
      "md5": null,
      "sha512t4u": null
    }
  },
  {
    "model": "ensembl_metadata.assemblysequence",
    "pk": 147,
    "fields": {
      "name": "scaffold_95",
      "assembly": 2,
      "accession": "JAENSK010000620.1",
      "chromosomal": false,
      "chromosome_rank": null,
      "length": 49878,
      "sequence_location": "SO:0000738",
      "md5": null,
      "sha512t4u": null
    }
  },
  {
    "model": "ensembl_metadata.assemblysequence",
    "pk": 148,
    "fields": {
      "name": "scaffold_96",
      "assembly": 2,
      "accession": "JAENSK010000621.1",
      "chromosomal": false,
      "chromosome_rank": null,
      "length": 49896,
      "sequence_location": "SO:0000738",
      "md5": null,
      "sha512t4u": null
    }
  },
  {
    "model": "ensembl_metadata.assemblysequence",
    "pk": 149,
    "fields": {
      "name": "scaffold_97",
      "assembly": 2,
      "accession": "JAENSK010000622.1",
      "chromosomal": false,
      "chromosome_rank": null,
      "length": 49236,
      "sequence_location": "SO:0000738",
      "md5": null,
      "sha512t4u": null
    }
  },
  {
    "model": "ensembl_metadata.assemblysequence",
    "pk": 150,
    "fields": {
      "name": "scaffold_98",
      "assembly": 2,
      "accession": "JAENSK010000623.1",
      "chromosomal": false,
      "chromosome_rank": null,
      "length": 48223,
      "sequence_location": "SO:0000738",
      "md5": null,
      "sha512t4u": null
    }
  },
  {
    "model": "ensembl_metadata.assemblysequence",
    "pk": 151,
    "fields": {
      "name": "scaffold_99",
      "assembly": 2,
      "accession": "JAENSK010000624.1",
      "chromosomal": false,
      "chromosome_rank": null,
      "length": 48023,
      "sequence_location": "SO:0000738",
      "md5": null,
      "sha512t4u": null
    }
  },
  {
    "model": "ensembl_metadata.assemblysequence",
    "pk": 152,
    "fields": {
      "name": "scaffold_100",
      "assembly": 2,
      "accession": "JAENSK010000625.1",
      "chromosomal": false,
      "chromosome_rank": null,
      "length": 47344,
      "sequence_location": "SO:0000738",
      "md5": null,
      "sha512t4u": null
    }
  },
  {
    "model": "ensembl_metadata.assemblysequence",
    "pk": 153,
    "fields": {
      "name": "scaffold_101",
      "assembly": 2,
      "accession": "JAENSK010000626.1",
      "chromosomal": false,
      "chromosome_rank": null,
      "length": 47336,
      "sequence_location": "SO:0000738",
      "md5": null,
      "sha512t4u": null
    }
  },
  {
    "model": "ensembl_metadata.assemblysequence",
    "pk": 154,
    "fields": {
      "name": "scaffold_102",
      "assembly": 2,
      "accession": "JAENSK010000627.1",
      "chromosomal": false,
      "chromosome_rank": null,
      "length": 45670,
      "sequence_location": "SO:0000738",
      "md5": null,
      "sha512t4u": null
    }
  },
  {
    "model": "ensembl_metadata.assemblysequence",
    "pk": 155,
    "fields": {
      "name": "scaffold_103",
      "assembly": 2,
      "accession": "JAENSK010000628.1",
      "chromosomal": false,
      "chromosome_rank": null,
      "length": 44737,
      "sequence_location": "SO:0000738",
      "md5": null,
      "sha512t4u": null
    }
  },
  {
    "model": "ensembl_metadata.assemblysequence",
    "pk": 156,
    "fields": {
      "name": "scaffold_104",
      "assembly": 2,
      "accession": "JAENSK010000629.1",
      "chromosomal": false,
      "chromosome_rank": null,
      "length": 44416,
      "sequence_location": "SO:0000738",
      "md5": null,
      "sha512t4u": null
    }
  },
  {
    "model": "ensembl_metadata.assemblysequence",
    "pk": 157,
    "fields": {
      "name": "scaffold_105",
      "assembly": 2,
      "accession": "JAENSK010000630.1",
      "chromosomal": false,
      "chromosome_rank": null,
      "length": 44091,
      "sequence_location": "SO:0000738",
      "md5": null,
      "sha512t4u": null
    }
  },
  {
    "model": "ensembl_metadata.assemblysequence",
    "pk": 158,
    "fields": {
      "name": "scaffold_106",
      "assembly": 2,
      "accession": "JAENSK010000631.1",
      "chromosomal": false,
      "chromosome_rank": null,
      "length": 43804,
      "sequence_location": "SO:0000738",
      "md5": null,
      "sha512t4u": null
    }
  },
  {
    "model": "ensembl_metadata.assemblysequence",
    "pk": 159,
    "fields": {
      "name": "scaffold_107",
      "assembly": 2,
      "accession": "JAENSK010000632.1",
      "chromosomal": false,
      "chromosome_rank": null,
      "length": 43447,
      "sequence_location": "SO:0000738",
      "md5": null,
      "sha512t4u": null
    }
  },
  {
    "model": "ensembl_metadata.assemblysequence",
    "pk": 160,
    "fields": {
      "name": "scaffold_108",
      "assembly": 2,
      "accession": "JAENSK010000633.1",
      "chromosomal": false,
      "chromosome_rank": null,
      "length": 41869,
      "sequence_location": "SO:0000738",
      "md5": null,
      "sha512t4u": null
    }
  },
  {
    "model": "ensembl_metadata.assemblysequence",
    "pk": 161,
    "fields": {
      "name": "scaffold_109",
      "assembly": 2,
      "accession": "JAENSK010000634.1",
      "chromosomal": false,
      "chromosome_rank": null,
      "length": 41187,
      "sequence_location": "SO:0000738",
      "md5": null,
      "sha512t4u": null
    }
  },
  {
    "model": "ensembl_metadata.assemblysequence",
    "pk": 162,
    "fields": {
      "name": "scaffold_110",
      "assembly": 2,
      "accession": "JAENSK010000635.1",
      "chromosomal": false,
      "chromosome_rank": null,
      "length": 40905,
      "sequence_location": "SO:0000738",
      "md5": null,
      "sha512t4u": null
    }
  },
  {
    "model": "ensembl_metadata.assemblysequence",
    "pk": 163,
    "fields": {
      "name": "scaffold_111",
      "assembly": 2,
      "accession": "JAENSK010000636.1",
      "chromosomal": false,
      "chromosome_rank": null,
      "length": 40485,
      "sequence_location": "SO:0000738",
      "md5": null,
      "sha512t4u": null
    }
  },
  {
    "model": "ensembl_metadata.assemblysequence",
    "pk": 164,
    "fields": {
      "name": "scaffold_112",
      "assembly": 2,
      "accession": "JAENSK010000637.1",
      "chromosomal": false,
      "chromosome_rank": null,
      "length": 38749,
      "sequence_location": "SO:0000738",
      "md5": null,
      "sha512t4u": null
    }
  },
  {
    "model": "ensembl_metadata.assemblysequence",
    "pk": 165,
    "fields": {
      "name": "scaffold_113",
      "assembly": 2,
      "accession": "JAENSK010000638.1",
      "chromosomal": false,
      "chromosome_rank": null,
      "length": 38267,
      "sequence_location": "SO:0000738",
      "md5": null,
      "sha512t4u": null
    }
  },
  {
    "model": "ensembl_metadata.assemblysequence",
    "pk": 166,
    "fields": {
      "name": "scaffold_114",
      "assembly": 2,
      "accession": "JAENSK010000639.1",
      "chromosomal": false,
      "chromosome_rank": null,
      "length": 38098,
      "sequence_location": "SO:0000738",
      "md5": null,
      "sha512t4u": null
    }
  },
  {
    "model": "ensembl_metadata.assemblysequence",
    "pk": 167,
    "fields": {
      "name": "scaffold_115",
      "assembly": 2,
      "accession": "JAENSK010000640.1",
      "chromosomal": false,
      "chromosome_rank": null,
      "length": 37156,
      "sequence_location": "SO:0000738",
      "md5": null,
      "sha512t4u": null
    }
  },
  {
    "model": "ensembl_metadata.assemblysequence",
    "pk": 168,
    "fields": {
      "name": "scaffold_116",
      "assembly": 2,
      "accession": "JAENSK010000641.1",
      "chromosomal": false,
      "chromosome_rank": null,
      "length": 36049,
      "sequence_location": "SO:0000738",
      "md5": null,
      "sha512t4u": null
    }
  },
  {
    "model": "ensembl_metadata.assemblysequence",
    "pk": 169,
    "fields": {
      "name": "scaffold_117",
      "assembly": 2,
      "accession": "JAENSK010000642.1",
      "chromosomal": false,
      "chromosome_rank": null,
      "length": 36169,
      "sequence_location": "SO:0000738",
      "md5": null,
      "sha512t4u": null
    }
  },
  {
    "model": "ensembl_metadata.assemblysequence",
    "pk": 170,
    "fields": {
      "name": "scaffold_118",
      "assembly": 2,
      "accession": "JAENSK010000643.1",
      "chromosomal": false,
      "chromosome_rank": null,
      "length": 34455,
      "sequence_location": "SO:0000738",
      "md5": null,
      "sha512t4u": null
    }
  },
  {
    "model": "ensembl_metadata.assemblysequence",
    "pk": 171,
    "fields": {
      "name": "scaffold_119",
      "assembly": 2,
      "accession": "JAENSK010000644.1",
      "chromosomal": false,
      "chromosome_rank": null,
      "length": 32761,
      "sequence_location": "SO:0000738",
      "md5": null,
      "sha512t4u": null
    }
  },
  {
    "model": "ensembl_metadata.assemblysequence",
    "pk": 172,
    "fields": {
      "name": "scaffold_120",
      "assembly": 2,
      "accession": "JAENSK010000645.1",
      "chromosomal": false,
      "chromosome_rank": null,
      "length": 32129,
      "sequence_location": "SO:0000738",
      "md5": null,
      "sha512t4u": null
    }
  },
  {
    "model": "ensembl_metadata.assemblysequence",
    "pk": 173,
    "fields": {
      "name": "scaffold_121",
      "assembly": 2,
      "accession": "JAENSK010000646.1",
      "chromosomal": false,
      "chromosome_rank": null,
      "length": 29996,
      "sequence_location": "SO:0000738",
      "md5": null,
      "sha512t4u": null
    }
  },
  {
    "model": "ensembl_metadata.assemblysequence",
    "pk": 174,
    "fields": {
      "name": "scaffold_122",
      "assembly": 2,
      "accession": "JAENSK010000647.1",
      "chromosomal": false,
      "chromosome_rank": null,
      "length": 29845,
      "sequence_location": "SO:0000738",
      "md5": null,
      "sha512t4u": null
    }
  },
  {
    "model": "ensembl_metadata.assemblysequence",
    "pk": 175,
    "fields": {
      "name": "scaffold_123",
      "assembly": 2,
      "accession": "JAENSK010000648.1",
      "chromosomal": false,
      "chromosome_rank": null,
      "length": 29612,
      "sequence_location": "SO:0000738",
      "md5": null,
      "sha512t4u": null
    }
  },
  {
    "model": "ensembl_metadata.assemblysequence",
    "pk": 176,
    "fields": {
      "name": "scaffold_124",
      "assembly": 2,
      "accession": "JAENSK010000649.1",
      "chromosomal": false,
      "chromosome_rank": null,
      "length": 27008,
      "sequence_location": "SO:0000738",
      "md5": null,
      "sha512t4u": null
    }
  },
  {
    "model": "ensembl_metadata.assemblysequence",
    "pk": 177,
    "fields": {
      "name": "scaffold_125",
      "assembly": 2,
      "accession": "JAENSK010000650.1",
      "chromosomal": false,
      "chromosome_rank": null,
      "length": 26690,
      "sequence_location": "SO:0000738",
      "md5": null,
      "sha512t4u": null
    }
  },
  {
    "model": "ensembl_metadata.assemblysequence",
    "pk": 178,
    "fields": {
      "name": "scaffold_126",
      "assembly": 2,
      "accession": "JAENSK010000651.1",
      "chromosomal": false,
      "chromosome_rank": null,
      "length": 26680,
      "sequence_location": "SO:0000738",
      "md5": null,
      "sha512t4u": null
    }
  },
  {
    "model": "ensembl_metadata.assemblysequence",
    "pk": 179,
    "fields": {
      "name": "scaffold_127",
      "assembly": 2,
      "accession": "JAENSK010000652.1",
      "chromosomal": false,
      "chromosome_rank": null,
      "length": 25600,
      "sequence_location": "SO:0000738",
      "md5": null,
      "sha512t4u": null
    }
  },
  {
    "model": "ensembl_metadata.assemblysequence",
    "pk": 180,
    "fields": {
      "name": "scaffold_128",
      "assembly": 2,
      "accession": "JAENSK010000653.1",
      "chromosomal": false,
      "chromosome_rank": null,
      "length": 25356,
      "sequence_location": "SO:0000738",
      "md5": null,
      "sha512t4u": null
    }
  },
  {
    "model": "ensembl_metadata.assemblysequence",
    "pk": 181,
    "fields": {
      "name": "scaffold_129",
      "assembly": 2,
      "accession": "JAENSK010000654.1",
      "chromosomal": false,
      "chromosome_rank": null,
      "length": 24872,
      "sequence_location": "SO:0000738",
      "md5": null,
      "sha512t4u": null
    }
  },
  {
    "model": "ensembl_metadata.assemblysequence",
    "pk": 182,
    "fields": {
      "name": "scaffold_130",
      "assembly": 2,
      "accession": "JAENSK010000655.1",
      "chromosomal": false,
      "chromosome_rank": null,
      "length": 24165,
      "sequence_location": "SO:0000738",
      "md5": null,
      "sha512t4u": null
    }
  },
  {
    "model": "ensembl_metadata.assemblysequence",
    "pk": 183,
    "fields": {
      "name": "scaffold_131",
      "assembly": 2,
      "accession": "JAENSK010000656.1",
      "chromosomal": false,
      "chromosome_rank": null,
      "length": 23651,
      "sequence_location": "SO:0000738",
      "md5": null,
      "sha512t4u": null
    }
  },
  {
    "model": "ensembl_metadata.assemblysequence",
    "pk": 184,
    "fields": {
      "name": "scaffold_132",
      "assembly": 2,
      "accession": "JAENSK010000657.1",
      "chromosomal": false,
      "chromosome_rank": null,
      "length": 22200,
      "sequence_location": "SO:0000738",
      "md5": null,
      "sha512t4u": null
    }
  },
  {
    "model": "ensembl_metadata.assemblysequence",
    "pk": 185,
    "fields": {
      "name": "scaffold_133",
      "assembly": 2,
      "accession": "JAENSK010000658.1",
      "chromosomal": false,
      "chromosome_rank": null,
      "length": 20719,
      "sequence_location": "SO:0000738",
      "md5": null,
      "sha512t4u": null
    }
  },
  {
    "model": "ensembl_metadata.assemblysequence",
    "pk": 186,
    "fields": {
      "name": "scaffold_134",
      "assembly": 2,
      "accession": "JAENSK010000659.1",
      "chromosomal": false,
      "chromosome_rank": null,
      "length": 20625,
      "sequence_location": "SO:0000738",
      "md5": null,
      "sha512t4u": null
    }
  },
  {
    "model": "ensembl_metadata.assemblysequence",
    "pk": 187,
    "fields": {
      "name": "scaffold_135",
      "assembly": 2,
      "accession": "JAENSK010000660.1",
      "chromosomal": false,
      "chromosome_rank": null,
      "length": 20391,
      "sequence_location": "SO:0000738",
      "md5": null,
      "sha512t4u": null
    }
  },
  {
    "model": "ensembl_metadata.assemblysequence",
    "pk": 188,
    "fields": {
      "name": "scaffold_136",
      "assembly": 2,
      "accession": "JAENSK010000661.1",
      "chromosomal": false,
      "chromosome_rank": null,
      "length": 20277,
      "sequence_location": "SO:0000738",
      "md5": null,
      "sha512t4u": null
    }
  },
  {
    "model": "ensembl_metadata.assemblysequence",
    "pk": 189,
    "fields": {
      "name": "scaffold_137",
      "assembly": 2,
      "accession": "JAENSK010000662.1",
      "chromosomal": false,
      "chromosome_rank": null,
      "length": 17176,
      "sequence_location": "SO:0000738",
      "md5": null,
      "sha512t4u": null
    }
  },
  {
    "model": "ensembl_metadata.assemblysequence",
    "pk": 190,
    "fields": {
      "name": "scaffold_138",
      "assembly": 2,
      "accession": "JAENSK010000663.1",
      "chromosomal": false,
      "chromosome_rank": null,
      "length": 16695,
      "sequence_location": "SO:0000738",
      "md5": null,
      "sha512t4u": null
    }
  },
  {
    "model": "ensembl_metadata.assemblysequence",
    "pk": 191,
    "fields": {
      "name": "scaffold_139",
      "assembly": 2,
      "accession": "JAENSK010000664.1",
      "chromosomal": false,
      "chromosome_rank": null,
      "length": 15631,
      "sequence_location": "SO:0000738",
      "md5": null,
      "sha512t4u": null
    }
  },
  {
    "model": "ensembl_metadata.assemblysequence",
    "pk": 192,
    "fields": {
      "name": "scaffold_140",
      "assembly": 2,
      "accession": "JAENSK010000665.1",
      "chromosomal": false,
      "chromosome_rank": null,
      "length": 13796,
      "sequence_location": "SO:0000738",
      "md5": null,
      "sha512t4u": null
    }
  },
  {
    "model": "ensembl_metadata.assemblysequence",
    "pk": 193,
    "fields": {
      "name": "scaffold_141",
      "assembly": 2,
      "accession": "JAENSK010000666.1",
      "chromosomal": false,
      "chromosome_rank": null,
      "length": 9587,
      "sequence_location": "SO:0000738",
      "md5": null,
      "sha512t4u": null
    }
  },
  {
    "model": "ensembl_metadata.assemblysequence",
    "pk": 194,
    "fields": {
      "name": "scaffold_142",
      "assembly": 2,
      "accession": "JAENSK010000667.1",
      "chromosomal": false,
      "chromosome_rank": null,
      "length": 9004,
      "sequence_location": "SO:0000738",
      "md5": null,
      "sha512t4u": null
    }
  },
  {
    "model": "ensembl_metadata.assemblysequence",
    "pk": 195,
    "fields": {
      "name": "scaffold_143",
      "assembly": 2,
      "accession": "JAENSK010000668.1",
      "chromosomal": false,
      "chromosome_rank": null,
      "length": 5394,
      "sequence_location": "SO:0000738",
      "md5": null,
      "sha512t4u": null
    }
  },
  {
    "model": "ensembl_metadata.assemblysequence",
    "pk": 196,
    "fields": {
      "name": "scaffold_144",
      "assembly": 2,
      "accession": "JAENSK010000669.1",
      "chromosomal": false,
      "chromosome_rank": null,
      "length": 4183,
      "sequence_location": "SO:0000738",
      "md5": null,
      "sha512t4u": null
    }
  },
  {
    "model": "ensembl_metadata.assemblysequence",
    "pk": 197,
    "fields": {
      "name": "scaffold_145",
      "assembly": 2,
      "accession": "JAENSK010000670.1",
      "chromosomal": false,
      "chromosome_rank": null,
      "length": 3676,
      "sequence_location": "SO:0000738",
      "md5": null,
      "sha512t4u": null
    }
  },
  {
    "model": "ensembl_metadata.assemblysequence",
    "pk": 198,
    "fields": {
      "name": "scaffold_146",
      "assembly": 2,
      "accession": "JAENSK010000671.1",
      "chromosomal": false,
      "chromosome_rank": null,
      "length": 3291,
      "sequence_location": "SO:0000738",
      "md5": null,
      "sha512t4u": null
    }
  },
  {
    "model": "ensembl_metadata.assemblysequence",
    "pk": 199,
    "fields": {
      "name": "scaffold_147",
      "assembly": 2,
      "accession": "JAENSK010000672.1",
      "chromosomal": false,
      "chromosome_rank": null,
      "length": 2948,
      "sequence_location": "SO:0000738",
      "md5": null,
      "sha512t4u": null
    }
  },
  {
    "model": "ensembl_metadata.assemblysequence",
    "pk": 200,
    "fields": {
      "name": "scaffold_148",
      "assembly": 2,
      "accession": "JAENSK010000673.1",
      "chromosomal": false,
      "chromosome_rank": null,
      "length": 2415,
      "sequence_location": "SO:0000738",
      "md5": null,
      "sha512t4u": null
    }
  },
  {
    "model": "ensembl_metadata.assemblysequence",
    "pk": 201,
    "fields": {
      "name": "scaffold_149",
      "assembly": 2,
      "accession": "JAENSK010000674.1",
      "chromosomal": false,
      "chromosome_rank": null,
      "length": 2044,
      "sequence_location": "SO:0000738",
      "md5": null,
      "sha512t4u": null
    }
  },
  {
    "model": "ensembl_metadata.assemblysequence",
    "pk": 202,
    "fields": {
      "name": "scaffold_150",
      "assembly": 2,
      "accession": "JAENSK010000675.1",
      "chromosomal": false,
      "chromosome_rank": null,
      "length": 1713,
      "sequence_location": "SO:0000738",
      "md5": null,
      "sha512t4u": null
    }
  },
  {
    "model": "ensembl_metadata.assemblysequence",
    "pk": 203,
    "fields": {
      "name": "scaffold_151",
      "assembly": 2,
      "accession": "JAENSK010000676.1",
      "chromosomal": false,
      "chromosome_rank": null,
      "length": 1437,
      "sequence_location": "SO:0000738",
      "md5": null,
      "sha512t4u": null
    }
  },
  {
    "model": "ensembl_metadata.assemblysequence",
    "pk": 204,
    "fields": {
      "name": "scaffold_42",
      "assembly": 2,
      "accession": "MU179270.1",
      "chromosomal": false,
      "chromosome_rank": null,
      "length": 139882,
      "sequence_location": "SO:0000738",
      "md5": null,
      "sha512t4u": null
    }
  },
  {
    "model": "ensembl_metadata.assemblysequence",
    "pk": 205,
    "fields": {
      "name": "scaffold_43",
      "assembly": 2,
      "accession": "MU179271.1",
      "chromosomal": false,
      "chromosome_rank": null,
      "length": 88251,
      "sequence_location": "SO:0000738",
      "md5": null,
      "sha512t4u": null
    }
  },
  {
    "model": "ensembl_metadata.assemblysequence",
    "pk": 206,
    "fields": {
      "name": "scaffold_44",
      "assembly": 2,
      "accession": "MU179272.1",
      "chromosomal": false,
      "chromosome_rank": null,
      "length": 447004,
      "sequence_location": "SO:0000738",
      "md5": null,
      "sha512t4u": null
    }
  },
  {
    "model": "ensembl_metadata.assemblysequence",
    "pk": 207,
    "fields": {
      "name": "scaffold_45",
      "assembly": 2,
      "accession": "MU179273.1",
      "chromosomal": false,
      "chromosome_rank": null,
      "length": 279492,
      "sequence_location": "SO:0000738",
      "md5": null,
      "sha512t4u": null
    }
  },
  {
    "model": "ensembl_metadata.assemblysequence",
    "pk": 208,
    "fields": {
      "name": "scaffold_47",
      "assembly": 2,
      "accession": "MU179274.1",
      "chromosomal": false,
      "chromosome_rank": null,
      "length": 219221,
      "sequence_location": "SO:0000738",
      "md5": null,
      "sha512t4u": null
    }
  },
  {
    "model": "ensembl_metadata.assemblysequence",
    "pk": 209,
    "fields": {
      "name": "scaffold_49",
      "assembly": 2,
      "accession": "MU179275.1",
      "chromosomal": false,
      "chromosome_rank": null,
      "length": 142519,
      "sequence_location": "SO:0000738",
      "md5": null,
      "sha512t4u": null
    }
  },
  {
    "model": "ensembl_metadata.assemblysequence",
    "pk": 210,
    "fields": {
      "name": "scaffold_53",
      "assembly": 2,
      "accession": "MU179276.1",
      "chromosomal": false,
      "chromosome_rank": null,
      "length": 145889,
      "sequence_location": "SO:0000738",
      "md5": null,
      "sha512t4u": null
    }
  },
  {
    "model": "ensembl_metadata.assemblysequence",
    "pk": 211,
    "fields": {
      "name": "scaffold_55",
      "assembly": 2,
      "accession": "MU179277.1",
      "chromosomal": false,
      "chromosome_rank": null,
      "length": 243023,
      "sequence_location": "SO:0000738",
      "md5": null,
      "sha512t4u": null
    }
  },
  {
    "model": "ensembl_metadata.assemblysequence",
    "pk": 212,
    "fields": {
      "name": "scaffold_59",
      "assembly": 2,
      "accession": "MU179278.1",
      "chromosomal": false,
      "chromosome_rank": null,
      "length": 239848,
      "sequence_location": "SO:0000738",
      "md5": null,
      "sha512t4u": null
    }
  },
  {
    "model": "ensembl_metadata.assemblysequence",
    "pk": 213,
    "fields": {
      "name": "scaffold_66",
      "assembly": 2,
      "accession": "MU179279.1",
      "chromosomal": false,
      "chromosome_rank": null,
      "length": 92785,
      "sequence_location": "SO:0000738",
      "md5": null,
      "sha512t4u": null
    }
  },
  {
    "model": "ensembl_metadata.assemblysequence",
    "pk": 214,
    "fields": {
      "name": "CM028585",
      "assembly": 2,
      "accession": "MT",
      "chromosomal": true,
      "chromosome_rank": 42,
      "length": 16784,
      "sequence_location": "SO:0000737",
      "md5": null,
      "sha512t4u": null
    }
  },
  {
    "model": "ensembl_metadata.assemblysequence",
    "pk": 512,
    "fields": {
      "name": "HG104_HG975_PATCH",
      "assembly": 4,
      "accession": "HG104_HG975_PATCH",
      "chromosomal": true,
      "chromosome_rank": null,
      "length": 146391291,
      "sequence_location": "SO:0000738",
      "md5": null,
      "sha512t4u": null
    }
  },
  {
    "model": "ensembl_metadata.assemblysequence",
    "pk": 513,
    "fields": {
      "name": "HG183_PATCH",
      "assembly": 4,
      "accession": "HG183_PATCH",
      "chromosomal": true,
      "chromosome_rank": null,
      "length": 81276452,
      "sequence_location": "SO:0000738",
      "md5": null,
      "sha512t4u": null
    }
  },
  {
    "model": "ensembl_metadata.assemblysequence",
    "pk": 514,
    "fields": {
      "name": "HG186_PATCH",
      "assembly": 4,
      "accession": "HG186_PATCH",
      "chromosomal": true,
      "chromosome_rank": null,
      "length": 198025845,
      "sequence_location": "SO:0000738",
      "md5": null,
      "sha512t4u": null
    }
  },
  {
    "model": "ensembl_metadata.assemblysequence",
    "pk": 515,
    "fields": {
      "name": "HG243_PATCH",
      "assembly": 4,
      "accession": "HG243_PATCH",
      "chromosomal": true,
      "chromosome_rank": null,
      "length": 146193542,
      "sequence_location": "SO:0000738",
      "md5": null,
      "sha512t4u": null
    }
  },
  {
    "model": "ensembl_metadata.assemblysequence",
    "pk": 516,
    "fields": {
      "name": "HG280_PATCH",
      "assembly": 4,
      "accession": "HG280_PATCH",
      "chromosomal": true,
      "chromosome_rank": null,
      "length": 198070731,
      "sequence_location": "SO:0000738",
      "md5": null,
      "sha512t4u": null
    }
  },
  {
    "model": "ensembl_metadata.assemblysequence",
    "pk": 517,
    "fields": {
      "name": "HG544_PATCH",
      "assembly": 4,
      "accession": "HG544_PATCH",
      "chromosomal": true,
      "chromosome_rank": null,
      "length": 135287817,
      "sequence_location": "SO:0000738",
      "md5": null,
      "sha512t4u": null
    }
  },
  {
    "model": "ensembl_metadata.assemblysequence",
    "pk": 518,
    "fields": {
      "name": "HG75_PATCH",
      "assembly": 4,
      "accession": "HG75_PATCH",
      "chromosomal": true,
      "chromosome_rank": null,
      "length": 81166739,
      "sequence_location": "SO:0000738",
      "md5": null,
      "sha512t4u": null
    }
  },
  {
    "model": "ensembl_metadata.assemblysequence",
    "pk": 519,
    "fields": {
      "name": "HG990_PATCH",
      "assembly": 4,
      "accession": "HG990_PATCH",
      "chromosomal": true,
      "chromosome_rank": null,
      "length": 81196563,
      "sequence_location": "SO:0000738",
      "md5": null,
      "sha512t4u": null
    }
  },
  {
    "model": "ensembl_metadata.assemblysequence",
    "pk": 520,
    "fields": {
      "name": "HG991_PATCH",
      "assembly": 4,
      "accession": "HG991_PATCH",
      "chromosomal": true,
      "chromosome_rank": null,
      "length": 198049698,
      "sequence_location": "SO:0000738",
      "md5": null,
      "sha512t4u": null
    }
  },
  {
    "model": "ensembl_metadata.assemblysequence",
    "pk": 521,
    "fields": {
      "name": "HG995_PATCH",
      "assembly": 4,
      "accession": "HG995_PATCH",
      "chromosomal": true,
      "chromosome_rank": null,
      "length": 135540039,
      "sequence_location": "SO:0000738",
      "md5": null,
      "sha512t4u": null
    }
  },
  {
    "model": "ensembl_metadata.assemblysequence",
    "pk": 522,
    "fields": {
      "name": "HG996_PATCH",
      "assembly": 4,
      "accession": "HG996_PATCH",
      "chromosomal": true,
      "chromosome_rank": null,
      "length": 133856340,
      "sequence_location": "SO:0000738",
      "md5": null,
      "sha512t4u": null
    }
  },
  {
    "model": "ensembl_metadata.assemblysequence",
    "pk": 523,
    "fields": {
      "name": "HG998_1_PATCH",
      "assembly": 4,
      "accession": "HG998_1_PATCH",
      "chromosomal": true,
      "chromosome_rank": null,
      "length": 141245758,
      "sequence_location": "SO:0000738",
      "md5": null,
      "sha512t4u": null
    }
  },
  {
    "model": "ensembl_metadata.assemblysequence",
    "pk": 524,
    "fields": {
      "name": "HG998_2_PATCH",
      "assembly": 4,
      "accession": "HG998_2_PATCH",
      "chromosomal": true,
      "chromosome_rank": null,
      "length": 141226881,
      "sequence_location": "SO:0000738",
      "md5": null,
      "sha512t4u": null
    }
  },
  {
    "model": "ensembl_metadata.assemblysequence",
    "pk": 525,
    "fields": {
      "name": "HG999_1_PATCH",
      "assembly": 4,
      "accession": "HG999_1_PATCH",
      "chromosomal": true,
      "chromosome_rank": null,
      "length": 249257505,
      "sequence_location": "SO:0000738",
      "md5": null,
      "sha512t4u": null
    }
  },
  {
    "model": "ensembl_metadata.assemblysequence",
    "pk": 526,
    "fields": {
      "name": "HG999_2_PATCH",
      "assembly": 4,
      "accession": "HG999_2_PATCH",
      "chromosomal": true,
      "chromosome_rank": null,
      "length": 249259300,
      "sequence_location": "SO:0000738",
      "md5": null,
      "sha512t4u": null
    }
  },
  {
    "model": "ensembl_metadata.assemblysequence",
    "pk": 527,
    "fields": {
      "name": "HSCHR10_1_CTG2",
      "assembly": 4,
      "accession": "HSCHR10_1_CTG2",
      "chromosomal": true,
      "chromosome_rank": null,
      "length": 135582047,
      "sequence_location": "SO:0000738",
      "md5": null,
      "sha512t4u": null
    }
  },
  {
    "model": "ensembl_metadata.assemblysequence",
    "pk": 528,
    "fields": {
      "name": "HSCHR10_1_CTG5",
      "assembly": 4,
      "accession": "HSCHR10_1_CTG5",
      "chromosomal": true,
      "chromosome_rank": null,
      "length": 135550810,
      "sequence_location": "SO:0000738",
      "md5": null,
      "sha512t4u": null
    }
  },
  {
    "model": "ensembl_metadata.assemblysequence",
    "pk": 529,
    "fields": {
      "name": "HSCHR11_1_CTG1_1",
      "assembly": 4,
      "accession": "HSCHR11_1_CTG1_1",
      "chromosomal": true,
      "chromosome_rank": null,
      "length": 135012249,
      "sequence_location": "SO:0000738",
      "md5": null,
      "sha512t4u": null
    }
  },
  {
    "model": "ensembl_metadata.assemblysequence",
    "pk": 530,
    "fields": {
      "name": "HSCHR12_1_CTG2",
      "assembly": 4,
      "accession": "HSCHR12_1_CTG2",
      "chromosomal": true,
      "chromosome_rank": null,
      "length": 133857954,
      "sequence_location": "SO:0000738",
      "md5": null,
      "sha512t4u": null
    }
  },
  {
    "model": "ensembl_metadata.assemblysequence",
    "pk": 531,
    "fields": {
      "name": "HSCHR12_1_CTG2_1",
      "assembly": 4,
      "accession": "HSCHR12_1_CTG2_1",
      "chromosomal": true,
      "chromosome_rank": null,
      "length": 133861054,
      "sequence_location": "SO:0000738",
      "md5": null,
      "sha512t4u": null
    }
  },
  {
    "model": "ensembl_metadata.assemblysequence",
    "pk": 532,
    "fields": {
      "name": "HSCHR12_1_CTG5",
      "assembly": 4,
      "accession": "HSCHR12_1_CTG5",
      "chromosomal": true,
      "chromosome_rank": null,
      "length": 133857937,
      "sequence_location": "SO:0000738",
      "md5": null,
      "sha512t4u": null
    }
  },
  {
    "model": "ensembl_metadata.assemblysequence",
    "pk": 533,
    "fields": {
      "name": "HSCHR12_2_CTG2_1",
      "assembly": 4,
      "accession": "HSCHR12_2_CTG2_1",
      "chromosomal": true,
      "chromosome_rank": null,
      "length": 133858944,
      "sequence_location": "SO:0000738",
      "md5": null,
      "sha512t4u": null
    }
  },
  {
    "model": "ensembl_metadata.assemblysequence",
    "pk": 534,
    "fields": {
      "name": "HSCHR15_1_CTG4",
      "assembly": 4,
      "accession": "HSCHR15_1_CTG4",
      "chromosomal": true,
      "chromosome_rank": null,
      "length": 102543012,
      "sequence_location": "SO:0000738",
      "md5": null,
      "sha512t4u": null
    }
  },
  {
    "model": "ensembl_metadata.assemblysequence",
    "pk": 535,
    "fields": {
      "name": "HSCHR15_1_CTG8",
      "assembly": 4,
      "accession": "HSCHR15_1_CTG8",
      "chromosomal": true,
      "chromosome_rank": null,
      "length": 102543529,
      "sequence_location": "SO:0000738",
      "md5": null,
      "sha512t4u": null
    }
  },
  {
    "model": "ensembl_metadata.assemblysequence",
    "pk": 536,
    "fields": {
      "name": "HSCHR16_1_CTG3_1",
      "assembly": 4,
      "accession": "HSCHR16_1_CTG3_1",
      "chromosomal": true,
      "chromosome_rank": null,
      "length": 90367188,
      "sequence_location": "SO:0000738",
      "md5": null,
      "sha512t4u": null
    }
  },
  {
    "model": "ensembl_metadata.assemblysequence",
    "pk": 537,
    "fields": {
      "name": "HSCHR16_2_CTG3_1",
      "assembly": 4,
      "accession": "HSCHR16_2_CTG3_1",
      "chromosomal": true,
      "chromosome_rank": null,
      "length": 90359885,
      "sequence_location": "SO:0000738",
      "md5": null,
      "sha512t4u": null
    }
  },
  {
    "model": "ensembl_metadata.assemblysequence",
    "pk": 538,
    "fields": {
      "name": "HSCHR17_1_CTG4",
      "assembly": 4,
      "accession": "HSCHR17_1_CTG4",
      "chromosomal": true,
      "chromosome_rank": null,
      "length": 81202535,
      "sequence_location": "SO:0000738",
      "md5": null,
      "sha512t4u": null
    }
  },
  {
    "model": "ensembl_metadata.assemblysequence",
    "pk": 539,
    "fields": {
      "name": "HSCHR17_2_CTG4",
      "assembly": 4,
      "accession": "HSCHR17_2_CTG4",
      "chromosomal": true,
      "chromosome_rank": null,
      "length": 81201263,
      "sequence_location": "SO:0000738",
      "md5": null,
      "sha512t4u": null
    }
  },
  {
    "model": "ensembl_metadata.assemblysequence",
    "pk": 540,
    "fields": {
      "name": "HSCHR17_3_CTG4",
      "assembly": 4,
      "accession": "HSCHR17_3_CTG4",
      "chromosomal": true,
      "chromosome_rank": null,
      "length": 81206832,
      "sequence_location": "SO:0000738",
      "md5": null,
      "sha512t4u": null
    }
  },
  {
    "model": "ensembl_metadata.assemblysequence",
    "pk": 541,
    "fields": {
      "name": "HSCHR18_1_CTG1_1",
      "assembly": 4,
      "accession": "HSCHR18_1_CTG1_1",
      "chromosomal": true,
      "chromosome_rank": null,
      "length": 78084480,
      "sequence_location": "SO:0000738",
      "md5": null,
      "sha512t4u": null
    }
  },
  {
    "model": "ensembl_metadata.assemblysequence",
    "pk": 542,
    "fields": {
      "name": "HSCHR18_1_CTG2",
      "assembly": 4,
      "accession": "HSCHR18_1_CTG2",
      "chromosomal": true,
      "chromosome_rank": null,
      "length": 78090140,
      "sequence_location": "SO:0000738",
      "md5": null,
      "sha512t4u": null
    }
  },
  {
    "model": "ensembl_metadata.assemblysequence",
    "pk": 543,
    "fields": {
      "name": "HSCHR18_1_CTG2_1",
      "assembly": 4,
      "accession": "HSCHR18_1_CTG2_1",
      "chromosomal": true,
      "chromosome_rank": null,
      "length": 78086634,
      "sequence_location": "SO:0000738",
      "md5": null,
      "sha512t4u": null
    }
  },
  {
    "model": "ensembl_metadata.assemblysequence",
    "pk": 544,
    "fields": {
      "name": "HSCHR18_2_CTG1_1",
      "assembly": 4,
      "accession": "HSCHR18_2_CTG1_1",
      "chromosomal": true,
      "chromosome_rank": null,
      "length": 78083330,
      "sequence_location": "SO:0000738",
      "md5": null,
      "sha512t4u": null
    }
  },
  {
    "model": "ensembl_metadata.assemblysequence",
    "pk": 545,
    "fields": {
      "name": "HSCHR18_2_CTG2",
      "assembly": 4,
      "accession": "HSCHR18_2_CTG2",
      "chromosomal": true,
      "chromosome_rank": null,
      "length": 78146697,
      "sequence_location": "SO:0000738",
      "md5": null,
      "sha512t4u": null
    }
  },
  {
    "model": "ensembl_metadata.assemblysequence",
    "pk": 546,
    "fields": {
      "name": "HSCHR18_2_CTG2_1",
      "assembly": 4,
      "accession": "HSCHR18_2_CTG2_1",
      "chromosomal": true,
      "chromosome_rank": null,
      "length": 78082683,
      "sequence_location": "SO:0000738",
      "md5": null,
      "sha512t4u": null
    }
  },
  {
    "model": "ensembl_metadata.assemblysequence",
    "pk": 547,
    "fields": {
      "name": "HSCHR19_1_CTG3",
      "assembly": 4,
      "accession": "HSCHR19_1_CTG3",
      "chromosomal": true,
      "chromosome_rank": null,
      "length": 59135399,
      "sequence_location": "SO:0000738",
      "md5": null,
      "sha512t4u": null
    }
  },
  {
    "model": "ensembl_metadata.assemblysequence",
    "pk": 548,
    "fields": {
      "name": "HSCHR19_1_CTG3_1",
      "assembly": 4,
      "accession": "HSCHR19_1_CTG3_1",
      "chromosomal": true,
      "chromosome_rank": null,
      "length": 59136156,
      "sequence_location": "SO:0000738",
      "md5": null,
      "sha512t4u": null
    }
  },
  {
    "model": "ensembl_metadata.assemblysequence",
    "pk": 549,
    "fields": {
      "name": "HSCHR19_3_CTG3",
      "assembly": 4,
      "accession": "HSCHR19_3_CTG3",
      "chromosomal": true,
      "chromosome_rank": null,
      "length": 59137190,
      "sequence_location": "SO:0000738",
      "md5": null,
      "sha512t4u": null
    }
  },
  {
    "model": "ensembl_metadata.assemblysequence",
    "pk": 550,
    "fields": {
      "name": "HSCHR1_1_CTG31",
      "assembly": 4,
      "accession": "HSCHR1_1_CTG31",
      "chromosomal": true,
      "chromosome_rank": null,
      "length": 249267852,
      "sequence_location": "SO:0000738",
      "md5": null,
      "sha512t4u": null
    }
  },
  {
    "model": "ensembl_metadata.assemblysequence",
    "pk": 551,
    "fields": {
      "name": "HSCHR1_2_CTG31",
      "assembly": 4,
      "accession": "HSCHR1_2_CTG31",
      "chromosomal": true,
      "chromosome_rank": null,
      "length": 249266025,
      "sequence_location": "SO:0000738",
      "md5": null,
      "sha512t4u": null
    }
  },
  {
    "model": "ensembl_metadata.assemblysequence",
    "pk": 552,
    "fields": {
      "name": "HSCHR1_3_CTG31",
      "assembly": 4,
      "accession": "HSCHR1_3_CTG31",
      "chromosomal": true,
      "chromosome_rank": null,
      "length": 249262108,
      "sequence_location": "SO:0000738",
      "md5": null,
      "sha512t4u": null
    }
  },
  {
    "model": "ensembl_metadata.assemblysequence",
    "pk": 553,
    "fields": {
      "name": "HSCHR20_1_CTG1",
      "assembly": 4,
      "accession": "HSCHR20_1_CTG1",
      "chromosomal": true,
      "chromosome_rank": null,
      "length": 63031536,
      "sequence_location": "SO:0000738",
      "md5": null,
      "sha512t4u": null
    }
  },
  {
    "model": "ensembl_metadata.assemblysequence",
    "pk": 554,
    "fields": {
      "name": "HSCHR21_1_CTG1_1",
      "assembly": 4,
      "accession": "HSCHR21_1_CTG1_1",
      "chromosomal": true,
      "chromosome_rank": null,
      "length": 48142481,
      "sequence_location": "SO:0000738",
      "md5": null,
      "sha512t4u": null
    }
  },
  {
    "model": "ensembl_metadata.assemblysequence",
    "pk": 555,
    "fields": {
      "name": "HSCHR21_2_CTG1_1",
      "assembly": 4,
      "accession": "HSCHR21_2_CTG1_1",
      "chromosomal": true,
      "chromosome_rank": null,
      "length": 48136597,
      "sequence_location": "SO:0000738",
      "md5": null,
      "sha512t4u": null
    }
  },
  {
    "model": "ensembl_metadata.assemblysequence",
    "pk": 556,
    "fields": {
      "name": "HSCHR21_3_CTG1_1",
      "assembly": 4,
      "accession": "HSCHR21_3_CTG1_1",
      "chromosomal": true,
      "chromosome_rank": null,
      "length": 48135689,
      "sequence_location": "SO:0000738",
      "md5": null,
      "sha512t4u": null
    }
  },
  {
    "model": "ensembl_metadata.assemblysequence",
    "pk": 557,
    "fields": {
      "name": "HSCHR21_4_CTG1_1",
      "assembly": 4,
      "accession": "HSCHR21_4_CTG1_1",
      "chromosomal": true,
      "chromosome_rank": null,
      "length": 48139453,
      "sequence_location": "SO:0000738",
      "md5": null,
      "sha512t4u": null
    }
  },
  {
    "model": "ensembl_metadata.assemblysequence",
    "pk": 558,
    "fields": {
      "name": "HSCHR22_1_CTG2",
      "assembly": 4,
      "accession": "HSCHR22_1_CTG2",
      "chromosomal": true,
      "chromosome_rank": null,
      "length": 51274623,
      "sequence_location": "SO:0000738",
      "md5": null,
      "sha512t4u": null
    }
  },
  {
    "model": "ensembl_metadata.assemblysequence",
    "pk": 559,
    "fields": {
      "name": "HSCHR2_1_CTG1",
      "assembly": 4,
      "accession": "HSCHR2_1_CTG1",
      "chromosomal": true,
      "chromosome_rank": null,
      "length": 243205406,
      "sequence_location": "SO:0000738",
      "md5": null,
      "sha512t4u": null
    }
  },
  {
    "model": "ensembl_metadata.assemblysequence",
    "pk": 560,
    "fields": {
      "name": "HSCHR2_1_CTG12",
      "assembly": 4,
      "accession": "HSCHR2_1_CTG12",
      "chromosomal": true,
      "chromosome_rank": null,
      "length": 243216362,
      "sequence_location": "SO:0000738",
      "md5": null,
      "sha512t4u": null
    }
  },
  {
    "model": "ensembl_metadata.assemblysequence",
    "pk": 561,
    "fields": {
      "name": "HSCHR3_1_CTG2_1",
      "assembly": 4,
      "accession": "HSCHR3_1_CTG2_1",
      "chromosomal": true,
      "chromosome_rank": null,
      "length": 198032968,
      "sequence_location": "SO:0000738",
      "md5": null,
      "sha512t4u": null
    }
  },
  {
    "model": "ensembl_metadata.assemblysequence",
    "pk": 562,
    "fields": {
      "name": "HSCHR4_1_CTG12",
      "assembly": 4,
      "accession": "HSCHR4_1_CTG12",
      "chromosomal": true,
      "chromosome_rank": null,
      "length": 191166925,
      "sequence_location": "SO:0000738",
      "md5": null,
      "sha512t4u": null
    }
  },
  {
    "model": "ensembl_metadata.assemblysequence",
    "pk": 563,
    "fields": {
      "name": "HSCHR4_1_CTG6",
      "assembly": 4,
      "accession": "HSCHR4_1_CTG6",
      "chromosomal": true,
      "chromosome_rank": null,
      "length": 191164559,
      "sequence_location": "SO:0000738",
      "md5": null,
      "sha512t4u": null
    }
  },
  {
    "model": "ensembl_metadata.assemblysequence",
    "pk": 564,
    "fields": {
      "name": "HSCHR4_2_CTG9",
      "assembly": 4,
      "accession": "HSCHR4_2_CTG9",
      "chromosomal": true,
      "chromosome_rank": null,
      "length": 191176053,
      "sequence_location": "SO:0000738",
      "md5": null,
      "sha512t4u": null
    }
  },
  {
    "model": "ensembl_metadata.assemblysequence",
    "pk": 565,
    "fields": {
      "name": "HSCHR5_1_CTG2",
      "assembly": 4,
      "accession": "HSCHR5_1_CTG2",
      "chromosomal": true,
      "chromosome_rank": null,
      "length": 180931866,
      "sequence_location": "SO:0000738",
      "md5": null,
      "sha512t4u": null
    }
  },
  {
    "model": "ensembl_metadata.assemblysequence",
    "pk": 566,
    "fields": {
      "name": "HSCHR5_1_CTG5",
      "assembly": 4,
      "accession": "HSCHR5_1_CTG5",
      "chromosomal": true,
      "chromosome_rank": null,
      "length": 180920737,
      "sequence_location": "SO:0000738",
      "md5": null,
      "sha512t4u": null
    }
  },
  {
    "model": "ensembl_metadata.assemblysequence",
    "pk": 567,
    "fields": {
      "name": "HSCHR5_2_CTG1",
      "assembly": 4,
      "accession": "HSCHR5_2_CTG1",
      "chromosomal": true,
      "chromosome_rank": null,
      "length": 180935403,
      "sequence_location": "SO:0000738",
      "md5": null,
      "sha512t4u": null
    }
  },
  {
    "model": "ensembl_metadata.assemblysequence",
    "pk": 568,
    "fields": {
      "name": "HSCHR6_1_CTG5",
      "assembly": 4,
      "accession": "HSCHR6_1_CTG5",
      "chromosomal": true,
      "chromosome_rank": null,
      "length": 171142899,
      "sequence_location": "SO:0000738",
      "md5": null,
      "sha512t4u": null
    }
  },
  {
    "model": "ensembl_metadata.assemblysequence",
    "pk": 569,
    "fields": {
      "name": "HSCHR9_1_CTG1",
      "assembly": 4,
      "accession": "HSCHR9_1_CTG1",
      "chromosomal": true,
      "chromosome_rank": null,
      "length": 141228243,
      "sequence_location": "SO:0000738",
      "md5": null,
      "sha512t4u": null
    }
  },
  {
    "model": "ensembl_metadata.assemblysequence",
    "pk": 570,
    "fields": {
      "name": "HSCHR9_1_CTG35",
      "assembly": 4,
      "accession": "HSCHR9_1_CTG35",
      "chromosomal": true,
      "chromosome_rank": null,
      "length": 141221627,
      "sequence_location": "SO:0000738",
      "md5": null,
      "sha512t4u": null
    }
  },
  {
    "model": "ensembl_metadata.assemblysequence",
    "pk": 571,
    "fields": {
      "name": "HSCHR9_2_CTG35",
      "assembly": 4,
      "accession": "HSCHR9_2_CTG35",
      "chromosomal": true,
      "chromosome_rank": null,
      "length": 141219511,
      "sequence_location": "SO:0000738",
      "md5": null,
      "sha512t4u": null
    }
  },
  {
    "model": "ensembl_metadata.assemblysequence",
    "pk": 572,
    "fields": {
      "name": "HSCHR9_3_CTG35",
      "assembly": 4,
      "accession": "HSCHR9_3_CTG35",
      "chromosomal": true,
      "chromosome_rank": null,
      "length": 141224529,
      "sequence_location": "SO:0000738",
      "md5": null,
      "sha512t4u": null
    }
  },
  {
    "model": "ensembl_metadata.assemblysequence",
    "pk": 573,
    "fields": {
      "name": "HG706_PATCH",
      "assembly": 4,
      "accession": "HG706_PATCH",
      "chromosomal": true,
      "chromosome_rank": null,
      "length": 191094783,
      "sequence_location": "SO:0000738",
      "md5": null,
      "sha512t4u": null
    }
  },
  {
    "model": "ensembl_metadata.assemblysequence",
    "pk": 574,
    "fields": {
      "name": "HG736_PATCH",
      "assembly": 4,
      "accession": "HG736_PATCH",
      "chromosomal": true,
      "chromosome_rank": null,
      "length": 159138649,
      "sequence_location": "SO:0000738",
      "md5": null,
      "sha512t4u": null
    }
  },
  {
    "model": "ensembl_metadata.assemblysequence",
    "pk": 575,
    "fields": {
      "name": "HG14_PATCH",
      "assembly": 4,
      "accession": "HG14_PATCH",
      "chromosomal": true,
      "chromosome_rank": null,
      "length": 159146664,
      "sequence_location": "SO:0000738",
      "md5": null,
      "sha512t4u": null
    }
  },
  {
    "model": "ensembl_metadata.assemblysequence",
    "pk": 576,
    "fields": {
      "name": "HG946_PATCH",
      "assembly": 4,
      "accession": "HG946_PATCH",
      "chromosomal": true,
      "chromosome_rank": null,
      "length": 159170352,
      "sequence_location": "SO:0000738",
      "md5": null,
      "sha512t4u": null
    }
  },
  {
    "model": "ensembl_metadata.assemblysequence",
    "pk": 577,
    "fields": {
      "name": "HG115_PATCH",
      "assembly": 4,
      "accession": "HG115_PATCH",
      "chromosomal": true,
      "chromosome_rank": null,
      "length": 159141496,
      "sequence_location": "SO:0000738",
      "md5": null,
      "sha512t4u": null
    }
  },
  {
    "model": "ensembl_metadata.assemblysequence",
    "pk": 578,
    "fields": {
      "name": "HG7_PATCH",
      "assembly": 4,
      "accession": "HG7_PATCH",
      "chromosomal": true,
      "chromosome_rank": null,
      "length": 159202172,
      "sequence_location": "SO:0000738",
      "md5": null,
      "sha512t4u": null
    }
  },
  {
    "model": "ensembl_metadata.assemblysequence",
    "pk": 579,
    "fields": {
      "name": "HG281_PATCH",
      "assembly": 4,
      "accession": "HG281_PATCH",
      "chromosomal": true,
      "chromosome_rank": null,
      "length": 135068883,
      "sequence_location": "SO:0000738",
      "md5": null,
      "sha512t4u": null
    }
  },
  {
    "model": "ensembl_metadata.assemblysequence",
    "pk": 580,
    "fields": {
      "name": "HG858_PATCH",
      "assembly": 4,
      "accession": "HG858_PATCH",
      "chromosomal": true,
      "chromosome_rank": null,
      "length": 133792729,
      "sequence_location": "SO:0000738",
      "md5": null,
      "sha512t4u": null
    }
  },
  {
    "model": "ensembl_metadata.assemblysequence",
    "pk": 581,
    "fields": {
      "name": "HG531_PATCH",
      "assembly": 4,
      "accession": "HG531_PATCH",
      "chromosomal": true,
      "chromosome_rank": null,
      "length": 115179803,
      "sequence_location": "SO:0000738",
      "md5": null,
      "sha512t4u": null
    }
  },
  {
    "model": "ensembl_metadata.assemblysequence",
    "pk": 582,
    "fields": {
      "name": "HG185_PATCH",
      "assembly": 4,
      "accession": "HG185_PATCH",
      "chromosomal": true,
      "chromosome_rank": null,
      "length": 81199444,
      "sequence_location": "SO:0000738",
      "md5": null,
      "sha512t4u": null
    }
  },
  {
    "model": "ensembl_metadata.assemblysequence",
    "pk": 583,
    "fields": {
      "name": "HG989_PATCH",
      "assembly": 4,
      "accession": "HG989_PATCH",
      "chromosomal": true,
      "chromosome_rank": null,
      "length": 249257867,
      "sequence_location": "SO:0000738",
      "md5": null,
      "sha512t4u": null
    }
  },
  {
    "model": "ensembl_metadata.assemblysequence",
    "pk": 584,
    "fields": {
      "name": "HG686_PATCH",
      "assembly": 4,
      "accession": "HG686_PATCH",
      "chromosomal": true,
      "chromosome_rank": null,
      "length": 243297375,
      "sequence_location": "SO:0000738",
      "md5": null,
      "sha512t4u": null
    }
  },
  {
    "model": "ensembl_metadata.assemblysequence",
    "pk": 585,
    "fields": {
      "name": "HG1007_PATCH",
      "assembly": 4,
      "accession": "HG1007_PATCH",
      "chromosomal": true,
      "chromosome_rank": null,
      "length": 243135680,
      "sequence_location": "SO:0000738",
      "md5": null,
      "sha512t4u": null
    }
  },
  {
    "model": "ensembl_metadata.assemblysequence",
    "pk": 586,
    "fields": {
      "name": "HG1032_PATCH",
      "assembly": 4,
      "accession": "HG1032_PATCH",
      "chromosomal": true,
      "chromosome_rank": null,
      "length": 191235710,
      "sequence_location": "SO:0000738",
      "md5": null,
      "sha512t4u": null
    }
  },
  {
    "model": "ensembl_metadata.assemblysequence",
    "pk": 587,
    "fields": {
      "name": "HSCHR5_3_CTG1",
      "assembly": 4,
      "accession": "HSCHR5_3_CTG1",
      "chromosomal": true,
      "chromosome_rank": null,
      "length": 180924140,
      "sequence_location": "SO:0000738",
      "md5": null,
      "sha512t4u": null
    }
  },
  {
    "model": "ensembl_metadata.assemblysequence",
    "pk": 588,
    "fields": {
      "name": "HSCHR5_1_CTG1",
      "assembly": 4,
      "accession": "HSCHR5_1_CTG1",
      "chromosomal": true,
      "chromosome_rank": null,
      "length": 180130563,
      "sequence_location": "SO:0000738",
      "md5": null,
      "sha512t4u": null
    }
  },
  {
    "model": "ensembl_metadata.assemblysequence",
    "pk": 589,
    "fields": {
      "name": "HG19_PATCH",
      "assembly": 4,
      "accession": "HG19_PATCH",
      "chromosomal": true,
      "chromosome_rank": null,
      "length": 146439382,
      "sequence_location": "SO:0000738",
      "md5": null,
      "sha512t4u": null
    }
  },
  {
    "model": "ensembl_metadata.assemblysequence",
    "pk": 590,
    "fields": {
      "name": "HG905_PATCH",
      "assembly": 4,
      "accession": "HG905_PATCH",
      "chromosomal": true,
      "chromosome_rank": null,
      "length": 135538807,
      "sequence_location": "SO:0000738",
      "md5": null,
      "sha512t4u": null
    }
  },
  {
    "model": "ensembl_metadata.assemblysequence",
    "pk": 591,
    "fields": {
      "name": "HG536_PATCH",
      "assembly": 4,
      "accession": "HG536_PATCH",
      "chromosomal": true,
      "chromosome_rank": null,
      "length": 134975178,
      "sequence_location": "SO:0000738",
      "md5": null,
      "sha512t4u": null
    }
  },
  {
    "model": "ensembl_metadata.assemblysequence",
    "pk": 592,
    "fields": {
      "name": "HSCHR12_1_CTG1",
      "assembly": 4,
      "accession": "HSCHR12_1_CTG1",
      "chromosomal": true,
      "chromosome_rank": null,
      "length": 133796744,
      "sequence_location": "SO:0000738",
      "md5": null,
      "sha512t4u": null
    }
  },
  {
    "model": "ensembl_metadata.assemblysequence",
    "pk": 593,
    "fields": {
      "name": "HG1133_PATCH",
      "assembly": 4,
      "accession": "HG1133_PATCH",
      "chromosomal": true,
      "chromosome_rank": null,
      "length": 133848181,
      "sequence_location": "SO:0000738",
      "md5": null,
      "sha512t4u": null
    }
  },
  {
    "model": "ensembl_metadata.assemblysequence",
    "pk": 594,
    "fields": {
      "name": "HSCHR12_2_CTG2",
      "assembly": 4,
      "accession": "HSCHR12_2_CTG2",
      "chromosomal": true,
      "chromosome_rank": null,
      "length": 133883843,
      "sequence_location": "SO:0000738",
      "md5": null,
      "sha512t4u": null
    }
  },
  {
    "model": "ensembl_metadata.assemblysequence",
    "pk": 595,
    "fields": {
      "name": "HSCHR19LRC_COX1_CTG1",
      "assembly": 4,
      "accession": "HSCHR19LRC_COX1_CTG1",
      "chromosomal": true,
      "chromosome_rank": null,
      "length": 59049900,
      "sequence_location": "SO:0000738",
      "md5": null,
      "sha512t4u": null
    }
  },
  {
    "model": "ensembl_metadata.assemblysequence",
    "pk": 596,
    "fields": {
      "name": "HSCHR19LRC_COX2_CTG1",
      "assembly": 4,
      "accession": "HSCHR19LRC_COX2_CTG1",
      "chromosomal": true,
      "chromosome_rank": null,
      "length": 58791703,
      "sequence_location": "SO:0000738",
      "md5": null,
      "sha512t4u": null
    }
  },
  {
    "model": "ensembl_metadata.assemblysequence",
    "pk": 597,
    "fields": {
      "name": "HSCHR19LRC_LRC_I_CTG1",
      "assembly": 4,
      "accession": "HSCHR19LRC_LRC_I_CTG1",
      "chromosomal": true,
      "chromosome_rank": null,
      "length": 59126487,
      "sequence_location": "SO:0000738",
      "md5": null,
      "sha512t4u": null
    }
  },
  {
    "model": "ensembl_metadata.assemblysequence",
    "pk": 598,
    "fields": {
      "name": "HSCHR19LRC_LRC_J_CTG1",
      "assembly": 4,
      "accession": "HSCHR19LRC_LRC_J_CTG1",
      "chromosomal": true,
      "chromosome_rank": null,
      "length": 59154024,
      "sequence_location": "SO:0000738",
      "md5": null,
      "sha512t4u": null
    }
  },
  {
    "model": "ensembl_metadata.assemblysequence",
    "pk": 599,
    "fields": {
      "name": "HSCHR19LRC_LRC_S_CTG1",
      "assembly": 4,
      "accession": "HSCHR19LRC_LRC_S_CTG1",
      "chromosomal": true,
      "chromosome_rank": null,
      "length": 59128573,
      "sequence_location": "SO:0000738",
      "md5": null,
      "sha512t4u": null
    }
  },
  {
    "model": "ensembl_metadata.assemblysequence",
    "pk": 600,
    "fields": {
      "name": "HSCHR19LRC_LRC_T_CTG1",
      "assembly": 4,
      "accession": "HSCHR19LRC_LRC_T_CTG1",
      "chromosomal": true,
      "chromosome_rank": null,
      "length": 59064866,
      "sequence_location": "SO:0000738",
      "md5": null,
      "sha512t4u": null
    }
  },
  {
    "model": "ensembl_metadata.assemblysequence",
    "pk": 601,
    "fields": {
      "name": "HSCHR19LRC_PGF1_CTG1",
      "assembly": 4,
      "accession": "HSCHR19LRC_PGF1_CTG1",
      "chromosomal": true,
      "chromosome_rank": null,
      "length": 59049284,
      "sequence_location": "SO:0000738",
      "md5": null,
      "sha512t4u": null
    }
  },
  {
    "model": "ensembl_metadata.assemblysequence",
    "pk": 602,
    "fields": {
      "name": "HSCHR19LRC_PGF2_CTG1",
      "assembly": 4,
      "accession": "HSCHR19LRC_PGF2_CTG1",
      "chromosomal": true,
      "chromosome_rank": null,
      "length": 58858662,
      "sequence_location": "SO:0000738",
      "md5": null,
      "sha512t4u": null
    }
  },
  {
    "model": "ensembl_metadata.assemblysequence",
    "pk": 603,
    "fields": {
      "name": "HG325_PATCH",
      "assembly": 4,
      "accession": "HG325_PATCH",
      "chromosomal": true,
      "chromosome_rank": null,
      "length": 198022431,
      "sequence_location": "SO:0000738",
      "md5": null,
      "sha512t4u": null
    }
  },
  {
    "model": "ensembl_metadata.assemblysequence",
    "pk": 604,
    "fields": {
      "name": "HG1091_PATCH",
      "assembly": 4,
      "accession": "HG1091_PATCH",
      "chromosomal": true,
      "chromosome_rank": null,
      "length": 198022491,
      "sequence_location": "SO:0000738",
      "md5": null,
      "sha512t4u": null
    }
  },
  {
    "model": "ensembl_metadata.assemblysequence",
    "pk": 605,
    "fields": {
      "name": "HG1063_PATCH",
      "assembly": 4,
      "accession": "HG1063_PATCH",
      "chromosomal": true,
      "chromosome_rank": null,
      "length": 180915263,
      "sequence_location": "SO:0000738",
      "md5": null,
      "sha512t4u": null
    }
  },
  {
    "model": "ensembl_metadata.assemblysequence",
    "pk": 606,
    "fields": {
      "name": "HG142_HG150_NOVEL_TEST",
      "assembly": 4,
      "accession": "HG142_HG150_NOVEL_TEST",
      "chromosomal": true,
      "chromosome_rank": null,
      "length": 135014122,
      "sequence_location": "SO:0000738",
      "md5": null,
      "sha512t4u": null
    }
  },
  {
    "model": "ensembl_metadata.assemblysequence",
    "pk": 607,
    "fields": {
      "name": "HG151_NOVEL_TEST",
      "assembly": 4,
      "accession": "HG151_NOVEL_TEST",
      "chromosomal": true,
      "chromosome_rank": null,
      "length": 135017590,
      "sequence_location": "SO:0000738",
      "md5": null,
      "sha512t4u": null
    }
  },
  {
    "model": "ensembl_metadata.assemblysequence",
    "pk": 608,
    "fields": {
      "name": "HG414_PATCH",
      "assembly": 4,
      "accession": "HG414_PATCH",
      "chromosomal": true,
      "chromosome_rank": null,
      "length": 135006513,
      "sequence_location": "SO:0000738",
      "md5": null,
      "sha512t4u": null
    }
  },
  {
    "model": "ensembl_metadata.assemblysequence",
    "pk": 609,
    "fields": {
      "name": "HG305_PATCH",
      "assembly": 4,
      "accession": "HG305_PATCH",
      "chromosomal": true,
      "chromosome_rank": null,
      "length": 135006517,
      "sequence_location": "SO:0000738",
      "md5": null,
      "sha512t4u": null
    }
  },
  {
    "model": "ensembl_metadata.assemblysequence",
    "pk": 610,
    "fields": {
      "name": "HG306_PATCH",
      "assembly": 4,
      "accession": "HG306_PATCH",
      "chromosomal": true,
      "chromosome_rank": null,
      "length": 135006516,
      "sequence_location": "SO:0000738",
      "md5": null,
      "sha512t4u": null
    }
  },
  {
    "model": "ensembl_metadata.assemblysequence",
    "pk": 611,
    "fields": {
      "name": "HG299_PATCH",
      "assembly": 4,
      "accession": "HG299_PATCH",
      "chromosomal": true,
      "chromosome_rank": null,
      "length": 135006515,
      "sequence_location": "SO:0000738",
      "md5": null,
      "sha512t4u": null
    }
  },
  {
    "model": "ensembl_metadata.assemblysequence",
    "pk": 612,
    "fields": {
      "name": "HG883_PATCH",
      "assembly": 4,
      "accession": "HG883_PATCH",
      "chromosomal": true,
      "chromosome_rank": null,
      "length": 81195211,
      "sequence_location": "SO:0000738",
      "md5": null,
      "sha512t4u": null
    }
  },
  {
    "model": "ensembl_metadata.assemblysequence",
    "pk": 613,
    "fields": {
      "name": "HSCHR17_4_CTG4",
      "assembly": 4,
      "accession": "HSCHR17_4_CTG4",
      "chromosomal": true,
      "chromosome_rank": null,
      "length": 81195665,
      "sequence_location": "SO:0000738",
      "md5": null,
      "sha512t4u": null
    }
  },
  {
    "model": "ensembl_metadata.assemblysequence",
    "pk": 614,
    "fields": {
      "name": "HSCHR17_6_CTG4",
      "assembly": 4,
      "accession": "HSCHR17_6_CTG4",
      "chromosomal": true,
      "chromosome_rank": null,
      "length": 81183840,
      "sequence_location": "SO:0000738",
      "md5": null,
      "sha512t4u": null
    }
  },
  {
    "model": "ensembl_metadata.assemblysequence",
    "pk": 615,
    "fields": {
      "name": "HSCHR17_5_CTG4",
      "assembly": 4,
      "accession": "HSCHR17_5_CTG4",
      "chromosomal": true,
      "chromosome_rank": null,
      "length": 81184888,
      "sequence_location": "SO:0000738",
      "md5": null,
      "sha512t4u": null
    }
  },
  {
    "model": "ensembl_metadata.assemblysequence",
    "pk": 616,
    "fields": {
      "name": "HG747_PATCH",
      "assembly": 4,
      "accession": "HG747_PATCH",
      "chromosomal": true,
      "chromosome_rank": null,
      "length": 81195185,
      "sequence_location": "SO:0000738",
      "md5": null,
      "sha512t4u": null
    }
  },
  {
    "model": "ensembl_metadata.assemblysequence",
    "pk": 617,
    "fields": {
      "name": "HG729_PATCH",
      "assembly": 4,
      "accession": "HG729_PATCH",
      "chromosomal": true,
      "chromosome_rank": null,
      "length": 59083191,
      "sequence_location": "SO:0000738",
      "md5": null,
      "sha512t4u": null
    }
  },
  {
    "model": "ensembl_metadata.assemblysequence",
    "pk": 618,
    "fields": {
      "name": "HSCHR19_2_CTG3",
      "assembly": 4,
      "accession": "HSCHR19_2_CTG3",
      "chromosomal": true,
      "chromosome_rank": null,
      "length": 59138462,
      "sequence_location": "SO:0000738",
      "md5": null,
      "sha512t4u": null
    }
  },
  {
    "model": "ensembl_metadata.assemblysequence",
    "pk": 619,
    "fields": {
      "name": "HSCHR7_1_CTG6",
      "assembly": 4,
      "accession": "HSCHR7_1_CTG6",
      "chromosomal": true,
      "chromosome_rank": null,
      "length": 159144671,
      "sequence_location": "SO:0000738",
      "md5": null,
      "sha512t4u": null
    }
  },
  {
    "model": "ensembl_metadata.assemblysequence",
    "pk": 620,
    "fields": {
      "name": "HG339_PATCH",
      "assembly": 4,
      "accession": "HG339_PATCH",
      "chromosomal": true,
      "chromosome_rank": null,
      "length": 135534748,
      "sequence_location": "SO:0000738",
      "md5": null,
      "sha512t4u": null
    }
  },
  {
    "model": "ensembl_metadata.assemblysequence",
    "pk": 621,
    "fields": {
      "name": "HG311_PATCH",
      "assembly": 4,
      "accession": "HG311_PATCH",
      "chromosomal": true,
      "chromosome_rank": null,
      "length": 135534748,
      "sequence_location": "SO:0000738",
      "md5": null,
      "sha512t4u": null
    }
  },
  {
    "model": "ensembl_metadata.assemblysequence",
    "pk": 622,
    "fields": {
      "name": "HG256_PATCH",
      "assembly": 4,
      "accession": "HG256_PATCH",
      "chromosomal": true,
      "chromosome_rank": null,
      "length": 135006517,
      "sequence_location": "SO:0000738",
      "md5": null,
      "sha512t4u": null
    }
  },
  {
    "model": "ensembl_metadata.assemblysequence",
    "pk": 623,
    "fields": {
      "name": "HG873_PATCH",
      "assembly": 4,
      "accession": "HG873_PATCH",
      "chromosomal": true,
      "chromosome_rank": null,
      "length": 135006516,
      "sequence_location": "SO:0000738",
      "md5": null,
      "sha512t4u": null
    }
  },
  {
    "model": "ensembl_metadata.assemblysequence",
    "pk": 624,
    "fields": {
      "name": "HG348_PATCH",
      "assembly": 4,
      "accession": "HG348_PATCH",
      "chromosomal": true,
      "chromosome_rank": null,
      "length": 135006518,
      "sequence_location": "SO:0000738",
      "md5": null,
      "sha512t4u": null
    }
  },
  {
    "model": "ensembl_metadata.assemblysequence",
    "pk": 625,
    "fields": {
      "name": "HG388_HG400_PATCH",
      "assembly": 4,
      "accession": "HG388_HG400_PATCH",
      "chromosomal": true,
      "chromosome_rank": null,
      "length": 135006515,
      "sequence_location": "SO:0000738",
      "md5": null,
      "sha512t4u": null
    }
  },
  {
    "model": "ensembl_metadata.assemblysequence",
    "pk": 626,
    "fields": {
      "name": "HSCHR12_3_CTG2_1",
      "assembly": 4,
      "accession": "HSCHR12_3_CTG2_1",
      "chromosomal": true,
      "chromosome_rank": null,
      "length": 133858072,
      "sequence_location": "SO:0000738",
      "md5": null,
      "sha512t4u": null
    }
  },
  {
    "model": "ensembl_metadata.assemblysequence",
    "pk": 627,
    "fields": {
      "name": "HG748_PATCH",
      "assembly": 4,
      "accession": "HG748_PATCH",
      "chromosomal": true,
      "chromosome_rank": null,
      "length": 81217493,
      "sequence_location": "SO:0000738",
      "md5": null,
      "sha512t4u": null
    }
  },
  {
    "model": "ensembl_metadata.assemblysequence",
    "pk": 628,
    "fields": {
      "name": "HG1293_PATCH",
      "assembly": 4,
      "accession": "HG1293_PATCH",
      "chromosomal": true,
      "chromosome_rank": null,
      "length": 249140837,
      "sequence_location": "SO:0000738",
      "md5": null,
      "sha512t4u": null
    }
  },
  {
    "model": "ensembl_metadata.assemblysequence",
    "pk": 629,
    "fields": {
      "name": "HSCHR3_1_CTG1",
      "assembly": 4,
      "accession": "HSCHR3_1_CTG1",
      "chromosomal": true,
      "chromosome_rank": null,
      "length": 198024351,
      "sequence_location": "SO:0000738",
      "md5": null,
      "sha512t4u": null
    }
  },
  {
    "model": "ensembl_metadata.assemblysequence",
    "pk": 630,
    "fields": {
      "name": "HG1322_PATCH",
      "assembly": 4,
      "accession": "HG1322_PATCH",
      "chromosomal": true,
      "chromosome_rank": null,
      "length": 171106913,
      "sequence_location": "SO:0000738",
      "md5": null,
      "sha512t4u": null
    }
  },
  {
    "model": "ensembl_metadata.assemblysequence",
    "pk": 631,
    "fields": {
      "name": "HG1304_PATCH",
      "assembly": 4,
      "accession": "HG1304_PATCH",
      "chromosomal": true,
      "chromosome_rank": null,
      "length": 171115067,
      "sequence_location": "SO:0000738",
      "md5": null,
      "sha512t4u": null
    }
  },
  {
    "model": "ensembl_metadata.assemblysequence",
    "pk": 632,
    "fields": {
      "name": "HG1308_PATCH",
      "assembly": 4,
      "accession": "HG1308_PATCH",
      "chromosomal": true,
      "chromosome_rank": null,
      "length": 159117558,
      "sequence_location": "SO:0000738",
      "md5": null,
      "sha512t4u": null
    }
  },
  {
    "model": "ensembl_metadata.assemblysequence",
    "pk": 633,
    "fields": {
      "name": "HG962_PATCH",
      "assembly": 4,
      "accession": "HG962_PATCH",
      "chromosomal": true,
      "chromosome_rank": null,
      "length": 141213431,
      "sequence_location": "SO:0000738",
      "md5": null,
      "sha512t4u": null
    }
  },
  {
    "model": "ensembl_metadata.assemblysequence",
    "pk": 634,
    "fields": {
      "name": "HG871_PATCH",
      "assembly": 4,
      "accession": "HG871_PATCH",
      "chromosomal": true,
      "chromosome_rank": null,
      "length": 135534976,
      "sequence_location": "SO:0000738",
      "md5": null,
      "sha512t4u": null
    }
  },
  {
    "model": "ensembl_metadata.assemblysequence",
    "pk": 635,
    "fields": {
      "name": "HG1211_PATCH",
      "assembly": 4,
      "accession": "HG1211_PATCH",
      "chromosomal": true,
      "chromosome_rank": null,
      "length": 132375896,
      "sequence_location": "SO:0000738",
      "md5": null,
      "sha512t4u": null
    }
  },
  {
    "model": "ensembl_metadata.assemblysequence",
    "pk": 636,
    "fields": {
      "name": "HG271_PATCH",
      "assembly": 4,
      "accession": "HG271_PATCH",
      "chromosomal": true,
      "chromosome_rank": null,
      "length": 81201984,
      "sequence_location": "SO:0000738",
      "md5": null,
      "sha512t4u": null
    }
  },
  {
    "model": "ensembl_metadata.assemblysequence",
    "pk": 637,
    "fields": {
      "name": "HG1471_PATCH",
      "assembly": 4,
      "accession": "HG1471_PATCH",
      "chromosomal": true,
      "chromosome_rank": null,
      "length": 249269426,
      "sequence_location": "SO:0000738",
      "md5": null,
      "sha512t4u": null
    }
  },
  {
    "model": "ensembl_metadata.assemblysequence",
    "pk": 638,
    "fields": {
      "name": "HG1473_PATCH",
      "assembly": 4,
      "accession": "HG1473_PATCH",
      "chromosomal": true,
      "chromosome_rank": null,
      "length": 249272860,
      "sequence_location": "SO:0000738",
      "md5": null,
      "sha512t4u": null
    }
  },
  {
    "model": "ensembl_metadata.assemblysequence",
    "pk": 639,
    "fields": {
      "name": "HSCHR2_2_CTG12",
      "assembly": 4,
      "accession": "HSCHR2_2_CTG12",
      "chromosomal": true,
      "chromosome_rank": null,
      "length": 243205453,
      "sequence_location": "SO:0000738",
      "md5": null,
      "sha512t4u": null
    }
  },
  {
    "model": "ensembl_metadata.assemblysequence",
    "pk": 640,
    "fields": {
      "name": "HG27_PATCH",
      "assembly": 4,
      "accession": "HG27_PATCH",
      "chromosomal": true,
      "chromosome_rank": null,
      "length": 171147516,
      "sequence_location": "SO:0000738",
      "md5": null,
      "sha512t4u": null
    }
  },
  {
    "model": "ensembl_metadata.assemblysequence",
    "pk": 641,
    "fields": {
      "name": "HG1257_PATCH",
      "assembly": 4,
      "accession": "HG1257_PATCH",
      "chromosomal": true,
      "chromosome_rank": null,
      "length": 158974302,
      "sequence_location": "SO:0000738",
      "md5": null,
      "sha512t4u": null
    }
  },
  {
    "model": "ensembl_metadata.assemblysequence",
    "pk": 642,
    "fields": {
      "name": "HG1502_PATCH",
      "assembly": 4,
      "accession": "HG1502_PATCH",
      "chromosomal": true,
      "chromosome_rank": null,
      "length": 141244527,
      "sequence_location": "SO:0000738",
      "md5": null,
      "sha512t4u": null
    }
  },
  {
    "model": "ensembl_metadata.assemblysequence",
    "pk": 643,
    "fields": {
      "name": "HG1500_PATCH",
      "assembly": 4,
      "accession": "HG1500_PATCH",
      "chromosomal": true,
      "chromosome_rank": null,
      "length": 141220264,
      "sequence_location": "SO:0000738",
      "md5": null,
      "sha512t4u": null
    }
  },
  {
    "model": "ensembl_metadata.assemblysequence",
    "pk": 644,
    "fields": {
      "name": "HG1501_PATCH",
      "assembly": 4,
      "accession": "HG1501_PATCH",
      "chromosomal": true,
      "chromosome_rank": null,
      "length": 141226402,
      "sequence_location": "SO:0000738",
      "md5": null,
      "sha512t4u": null
    }
  },
  {
    "model": "ensembl_metadata.assemblysequence",
    "pk": 645,
    "fields": {
      "name": "HG1479_PATCH",
      "assembly": 4,
      "accession": "HG1479_PATCH",
      "chromosomal": true,
      "chromosome_rank": null,
      "length": 135573846,
      "sequence_location": "SO:0000738",
      "md5": null,
      "sha512t4u": null
    }
  },
  {
    "model": "ensembl_metadata.assemblysequence",
    "pk": 646,
    "fields": {
      "name": "HG865_PATCH",
      "assembly": 4,
      "accession": "HG865_PATCH",
      "chromosomal": true,
      "chromosome_rank": null,
      "length": 135091575,
      "sequence_location": "SO:0000738",
      "md5": null,
      "sha512t4u": null
    }
  },
  {
    "model": "ensembl_metadata.assemblysequence",
    "pk": 647,
    "fields": {
      "name": "HG971_PATCH",
      "assembly": 4,
      "accession": "HG971_PATCH",
      "chromosomal": true,
      "chromosome_rank": null,
      "length": 102534416,
      "sequence_location": "SO:0000738",
      "md5": null,
      "sha512t4u": null
    }
  },
  {
    "model": "ensembl_metadata.assemblysequence",
    "pk": 648,
    "fields": {
      "name": "HG1208_PATCH",
      "assembly": 4,
      "accession": "HG1208_PATCH",
      "chromosomal": true,
      "chromosome_rank": null,
      "length": 90354761,
      "sequence_location": "SO:0000738",
      "md5": null,
      "sha512t4u": null
    }
  },
  {
    "model": "ensembl_metadata.assemblysequence",
    "pk": 649,
    "fields": {
      "name": "HG1146_PATCH",
      "assembly": 4,
      "accession": "HG1146_PATCH",
      "chromosomal": true,
      "chromosome_rank": null,
      "length": 80683135,
      "sequence_location": "SO:0000738",
      "md5": null,
      "sha512t4u": null
    }
  },
  {
    "model": "ensembl_metadata.assemblysequence",
    "pk": 650,
    "fields": {
      "name": "HG144_PATCH",
      "assembly": 4,
      "accession": "HG144_PATCH",
      "chromosomal": true,
      "chromosome_rank": null,
      "length": 62985039,
      "sequence_location": "SO:0000738",
      "md5": null,
      "sha512t4u": null
    }
  },
  {
    "model": "ensembl_metadata.assemblysequence",
    "pk": 651,
    "fields": {
      "name": "HG506_HG507_HG1000_PATCH",
      "assembly": 4,
      "accession": "HG506_HG507_HG1000_PATCH",
      "chromosomal": true,
      "chromosome_rank": null,
      "length": 62969224,
      "sequence_location": "SO:0000738",
      "md5": null,
      "sha512t4u": null
    }
  },
  {
    "model": "ensembl_metadata.assemblysequence",
    "pk": 652,
    "fields": {
      "name": "HG1487_PATCH",
      "assembly": 4,
      "accession": "HG1487_PATCH",
      "chromosomal": true,
      "chromosome_rank": null,
      "length": 51337749,
      "sequence_location": "SO:0000738",
      "md5": null,
      "sha512t4u": null
    }
  },
  {
    "model": "ensembl_metadata.assemblysequence",
    "pk": 653,
    "fields": {
      "name": "HG1486_PATCH",
      "assembly": 4,
      "accession": "HG1486_PATCH",
      "chromosomal": true,
      "chromosome_rank": null,
      "length": 51430360,
      "sequence_location": "SO:0000738",
      "md5": null,
      "sha512t4u": null
    }
  },
  {
    "model": "ensembl_metadata.assemblysequence",
    "pk": 654,
    "fields": {
      "name": "HG1488_PATCH",
      "assembly": 4,
      "accession": "HG1488_PATCH",
      "chromosomal": true,
      "chromosome_rank": null,
      "length": 51341116,
      "sequence_location": "SO:0000738",
      "md5": null,
      "sha512t4u": null
    }
  },
  {
    "model": "ensembl_metadata.assemblysequence",
    "pk": 655,
    "fields": {
      "name": "HG329_PATCH",
      "assembly": 4,
      "accession": "HG329_PATCH",
      "chromosomal": true,
      "chromosome_rank": null,
      "length": 51304556,
      "sequence_location": "SO:0000738",
      "md5": null,
      "sha512t4u": null
    }
  },
  {
    "model": "ensembl_metadata.assemblysequence",
    "pk": 656,
    "fields": {
      "name": "HG497_PATCH",
      "assembly": 4,
      "accession": "HG497_PATCH",
      "chromosomal": true,
      "chromosome_rank": null,
      "length": 51306896,
      "sequence_location": "SO:0000738",
      "md5": null,
      "sha512t4u": null
    }
  },
  {
    "model": "ensembl_metadata.assemblysequence",
    "pk": 657,
    "fields": {
      "name": "HG1423_PATCH",
      "assembly": 4,
      "accession": "HG1423_PATCH",
      "chromosomal": true,
      "chromosome_rank": null,
      "length": 155273746,
      "sequence_location": "SO:0000738",
      "md5": null,
      "sha512t4u": null
    }
  },
  {
    "model": "ensembl_metadata.assemblysequence",
    "pk": 658,
    "fields": {
      "name": "HG1424_PATCH",
      "assembly": 4,
      "accession": "HG1424_PATCH",
      "chromosomal": true,
      "chromosome_rank": null,
      "length": 155271369,
      "sequence_location": "SO:0000738",
      "md5": null,
      "sha512t4u": null
    }
  },
  {
    "model": "ensembl_metadata.assemblysequence",
    "pk": 659,
    "fields": {
      "name": "HG1435_PATCH",
      "assembly": 4,
      "accession": "HG1435_PATCH",
      "chromosomal": true,
      "chromosome_rank": null,
      "length": 155270370,
      "sequence_location": "SO:0000738",
      "md5": null,
      "sha512t4u": null
    }
  },
  {
    "model": "ensembl_metadata.assemblysequence",
    "pk": 660,
    "fields": {
      "name": "HG1433_PATCH",
      "assembly": 4,
      "accession": "HG1433_PATCH",
      "chromosomal": true,
      "chromosome_rank": null,
      "length": 154987127,
      "sequence_location": "SO:0000738",
      "md5": null,
      "sha512t4u": null
    }
  },
  {
    "model": "ensembl_metadata.assemblysequence",
    "pk": 661,
    "fields": {
      "name": "HG1437_PATCH",
      "assembly": 4,
      "accession": "HG1437_PATCH",
      "chromosomal": true,
      "chromosome_rank": null,
      "length": 155270150,
      "sequence_location": "SO:0000738",
      "md5": null,
      "sha512t4u": null
    }
  },
  {
    "model": "ensembl_metadata.assemblysequence",
    "pk": 662,
    "fields": {
      "name": "HG1438_PATCH",
      "assembly": 4,
      "accession": "HG1438_PATCH",
      "chromosomal": true,
      "chromosome_rank": null,
      "length": 155270574,
      "sequence_location": "SO:0000738",
      "md5": null,
      "sha512t4u": null
    }
  },
  {
    "model": "ensembl_metadata.assemblysequence",
    "pk": 663,
    "fields": {
      "name": "HG1425_PATCH",
      "assembly": 4,
      "accession": "HG1425_PATCH",
      "chromosomal": true,
      "chromosome_rank": null,
      "length": 155278471,
      "sequence_location": "SO:0000738",
      "md5": null,
      "sha512t4u": null
    }
  },
  {
    "model": "ensembl_metadata.assemblysequence",
    "pk": 664,
    "fields": {
      "name": "HG1439_PATCH",
      "assembly": 4,
      "accession": "HG1439_PATCH",
      "chromosomal": true,
      "chromosome_rank": null,
      "length": 155270575,
      "sequence_location": "SO:0000738",
      "md5": null,
      "sha512t4u": null
    }
  },
  {
    "model": "ensembl_metadata.assemblysequence",
    "pk": 665,
    "fields": {
      "name": "HG1440_PATCH",
      "assembly": 4,
      "accession": "HG1440_PATCH",
      "chromosomal": true,
      "chromosome_rank": null,
      "length": 155270604,
      "sequence_location": "SO:0000738",
      "md5": null,
      "sha512t4u": null
    }
  },
  {
    "model": "ensembl_metadata.assemblysequence",
    "pk": 666,
    "fields": {
      "name": "HG1441_PATCH",
      "assembly": 4,
      "accession": "HG1441_PATCH",
      "chromosomal": true,
      "chromosome_rank": null,
      "length": 155280808,
      "sequence_location": "SO:0000738",
      "md5": null,
      "sha512t4u": null
    }
  },
  {
    "model": "ensembl_metadata.assemblysequence",
    "pk": 667,
    "fields": {
      "name": "HG375_PATCH",
      "assembly": 4,
      "accession": "HG375_PATCH",
      "chromosomal": true,
      "chromosome_rank": null,
      "length": 155270558,
      "sequence_location": "SO:0000738",
      "md5": null,
      "sha512t4u": null
    }
  },
  {
    "model": "ensembl_metadata.assemblysequence",
    "pk": 668,
    "fields": {
      "name": "HG1434_PATCH",
      "assembly": 4,
      "accession": "HG1434_PATCH",
      "chromosomal": true,
      "chromosome_rank": null,
      "length": 155277317,
      "sequence_location": "SO:0000738",
      "md5": null,
      "sha512t4u": null
    }
  },
  {
    "model": "ensembl_metadata.assemblysequence",
    "pk": 669,
    "fields": {
      "name": "HG1462_PATCH",
      "assembly": 4,
      "accession": "HG1462_PATCH",
      "chromosomal": true,
      "chromosome_rank": null,
      "length": 155272710,
      "sequence_location": "SO:0000738",
      "md5": null,
      "sha512t4u": null
    }
  },
  {
    "model": "ensembl_metadata.assemblysequence",
    "pk": 670,
    "fields": {
      "name": "HG1463_PATCH",
      "assembly": 4,
      "accession": "HG1463_PATCH",
      "chromosomal": true,
      "chromosome_rank": null,
      "length": 155256818,
      "sequence_location": "SO:0000738",
      "md5": null,
      "sha512t4u": null
    }
  },
  {
    "model": "ensembl_metadata.assemblysequence",
    "pk": 671,
    "fields": {
      "name": "HG1490_PATCH",
      "assembly": 4,
      "accession": "HG1490_PATCH",
      "chromosomal": true,
      "chromosome_rank": null,
      "length": 155270560,
      "sequence_location": "SO:0000738",
      "md5": null,
      "sha512t4u": null
    }
  },
  {
    "model": "ensembl_metadata.assemblysequence",
    "pk": 672,
    "fields": {
      "name": "HG1442_PATCH",
      "assembly": 4,
      "accession": "HG1442_PATCH",
      "chromosomal": true,
      "chromosome_rank": null,
      "length": 155270668,
      "sequence_location": "SO:0000738",
      "md5": null,
      "sha512t4u": null
    }
  },
  {
    "model": "ensembl_metadata.assemblysequence",
    "pk": 673,
    "fields": {
      "name": "HG1443_HG1444_PATCH",
      "assembly": 4,
      "accession": "HG1443_HG1444_PATCH",
      "chromosomal": true,
      "chromosome_rank": null,
      "length": 155322430,
      "sequence_location": "SO:0000738",
      "md5": null,
      "sha512t4u": null
    }
  },
  {
    "model": "ensembl_metadata.assemblysequence",
    "pk": 674,
    "fields": {
      "name": "HG1453_PATCH",
      "assembly": 4,
      "accession": "HG1453_PATCH",
      "chromosomal": true,
      "chromosome_rank": null,
      "length": 155264939,
      "sequence_location": "SO:0000738",
      "md5": null,
      "sha512t4u": null
    }
  },
  {
    "model": "ensembl_metadata.assemblysequence",
    "pk": 675,
    "fields": {
      "name": "HG1458_PATCH",
      "assembly": 4,
      "accession": "HG1458_PATCH",
      "chromosomal": true,
      "chromosome_rank": null,
      "length": 155276628,
      "sequence_location": "SO:0000738",
      "md5": null,
      "sha512t4u": null
    }
  },
  {
    "model": "ensembl_metadata.assemblysequence",
    "pk": 676,
    "fields": {
      "name": "MT",
      "assembly": 4,
      "accession": "MT",
      "chromosomal": true,
      "chromosome_rank": 25,
      "length": 16569,
      "sequence_location": "SO:0000737",
      "md5": null,
      "sha512t4u": null
    }
  },
  {
    "model": "ensembl_metadata.assemblysequence",
    "pk": 677,
    "fields": {
      "name": "HG79_PATCH",
      "assembly": 4,
      "accession": "HG79_PATCH",
      "chromosomal": true,
      "chromosome_rank": null,
      "length": 141223844,
      "sequence_location": "SO:0000738",
      "md5": null,
      "sha512t4u": null
    }
  },
  {
    "model": "ensembl_metadata.assemblysequence",
    "pk": 678,
    "fields": {
      "name": "11",
      "assembly": 4,
      "accession": "CM000673.1",
      "chromosomal": true,
      "chromosome_rank": 11,
      "length": 135006516,
      "sequence_location": "SO:0000738",
      "md5": null,
      "sha512t4u": null
    }
  },
  {
    "model": "ensembl_metadata.assemblysequence",
    "pk": 679,
    "fields": {
      "name": "21",
      "assembly": 4,
      "accession": "CM000683.1",
      "chromosomal": true,
      "chromosome_rank": 21,
      "length": 48129895,
      "sequence_location": "SO:0000738",
      "md5": null,
      "sha512t4u": null
    }
  },
  {
    "model": "ensembl_metadata.assemblysequence",
    "pk": 680,
    "fields": {
      "name": "7",
      "assembly": 4,
      "accession": "CM000669.1",
      "chromosomal": true,
      "chromosome_rank": 7,
      "length": 159138663,
      "sequence_location": "SO:0000738",
      "md5": null,
      "sha512t4u": null
    }
  },
  {
    "model": "ensembl_metadata.assemblysequence",
    "pk": 681,
    "fields": {
      "name": "Y",
      "assembly": 4,
      "accession": "CM000686.1",
      "chromosomal": true,
      "chromosome_rank": 24,
      "length": 59373566,
      "sequence_location": "SO:0000738",
      "md5": null,
      "sha512t4u": null
    }
  },
  {
    "model": "ensembl_metadata.assemblysequence",
    "pk": 682,
    "fields": {
      "name": "2",
      "assembly": 4,
      "accession": "CM000664.1",
      "chromosomal": true,
      "chromosome_rank": 2,
      "length": 243199373,
      "sequence_location": "SO:0000738",
      "md5": null,
      "sha512t4u": null
    }
  },
  {
    "model": "ensembl_metadata.assemblysequence",
    "pk": 683,
    "fields": {
      "name": "17",
      "assembly": 4,
      "accession": "CM000679.1",
      "chromosomal": true,
      "chromosome_rank": 17,
      "length": 81195210,
      "sequence_location": "SO:0000738",
      "md5": null,
      "sha512t4u": null
    }
  },
  {
    "model": "ensembl_metadata.assemblysequence",
    "pk": 684,
    "fields": {
      "name": "22",
      "assembly": 4,
      "accession": "CM000684.1",
      "chromosomal": true,
      "chromosome_rank": 22,
      "length": 51304566,
      "sequence_location": "SO:0000738",
      "md5": null,
      "sha512t4u": null
    }
  },
  {
    "model": "ensembl_metadata.assemblysequence",
    "pk": 685,
    "fields": {
      "name": "1",
      "assembly": 4,
      "accession": "CM000663.1",
      "chromosomal": true,
      "chromosome_rank": 1,
      "length": 249250621,
      "sequence_location": "SO:0000738",
      "md5": null,
      "sha512t4u": null
    }
  },
  {
    "model": "ensembl_metadata.assemblysequence",
    "pk": 686,
    "fields": {
      "name": "18",
      "assembly": 4,
      "accession": "CM000680.1",
      "chromosomal": true,
      "chromosome_rank": 18,
      "length": 78077248,
      "sequence_location": "SO:0000738",
      "md5": null,
      "sha512t4u": null
    }
  },
  {
    "model": "ensembl_metadata.assemblysequence",
    "pk": 687,
    "fields": {
      "name": "13",
      "assembly": 4,
      "accession": "CM000675.1",
      "chromosomal": true,
      "chromosome_rank": 13,
      "length": 115169878,
      "sequence_location": "SO:0000738",
      "md5": null,
      "sha512t4u": null
    }
  },
  {
    "model": "ensembl_metadata.assemblysequence",
    "pk": 688,
    "fields": {
      "name": "16",
      "assembly": 4,
      "accession": "CM000678.1",
      "chromosomal": true,
      "chromosome_rank": 16,
      "length": 90354753,
      "sequence_location": "SO:0000738",
      "md5": null,
      "sha512t4u": null
    }
  },
  {
    "model": "ensembl_metadata.assemblysequence",
    "pk": 689,
    "fields": {
      "name": "6",
      "assembly": 4,
      "accession": "CM000668.1",
      "chromosomal": true,
      "chromosome_rank": 6,
      "length": 171115067,
      "sequence_location": "SO:0000738",
      "md5": null,
      "sha512t4u": null
    }
  },
  {
    "model": "ensembl_metadata.assemblysequence",
    "pk": 690,
    "fields": {
      "name": "X",
      "assembly": 4,
      "accession": "CM000685.1",
      "chromosomal": true,
      "chromosome_rank": 23,
      "length": 155270560,
      "sequence_location": "SO:0000738",
      "md5": null,
      "sha512t4u": null
    }
  },
  {
    "model": "ensembl_metadata.assemblysequence",
    "pk": 691,
    "fields": {
      "name": "3",
      "assembly": 4,
      "accession": "CM000665.1",
      "chromosomal": true,
      "chromosome_rank": 3,
      "length": 198022430,
      "sequence_location": "SO:0000738",
      "md5": null,
      "sha512t4u": null
    }
  },
  {
    "model": "ensembl_metadata.assemblysequence",
    "pk": 692,
    "fields": {
      "name": "9",
      "assembly": 4,
      "accession": "CM000671.1",
      "chromosomal": true,
      "chromosome_rank": 9,
      "length": 141213431,
      "sequence_location": "SO:0000738",
      "md5": null,
      "sha512t4u": null
    }
  },
  {
    "model": "ensembl_metadata.assemblysequence",
    "pk": 693,
    "fields": {
      "name": "12",
      "assembly": 4,
      "accession": "CM000674.1",
      "chromosomal": true,
      "chromosome_rank": 12,
      "length": 133851895,
      "sequence_location": "SO:0000738",
      "md5": null,
      "sha512t4u": null
    }
  },
  {
    "model": "ensembl_metadata.assemblysequence",
    "pk": 694,
    "fields": {
      "name": "14",
      "assembly": 4,
      "accession": "CM000676.1",
      "chromosomal": true,
      "chromosome_rank": 14,
      "length": 107349540,
      "sequence_location": "SO:0000738",
      "md5": null,
      "sha512t4u": null
    }
  },
  {
    "model": "ensembl_metadata.assemblysequence",
    "pk": 695,
    "fields": {
      "name": "15",
      "assembly": 4,
      "accession": "CM000677.1",
      "chromosomal": true,
      "chromosome_rank": 15,
      "length": 102531392,
      "sequence_location": "SO:0000738",
      "md5": null,
      "sha512t4u": null
    }
  },
  {
    "model": "ensembl_metadata.assemblysequence",
    "pk": 696,
    "fields": {
      "name": "20",
      "assembly": 4,
      "accession": "CM000682.1",
      "chromosomal": true,
      "chromosome_rank": 20,
      "length": 63025520,
      "sequence_location": "SO:0000738",
      "md5": null,
      "sha512t4u": null
    }
  },
  {
    "model": "ensembl_metadata.assemblysequence",
    "pk": 697,
    "fields": {
      "name": "8",
      "assembly": 4,
      "accession": "CM000670.1",
      "chromosomal": true,
      "chromosome_rank": 8,
      "length": 146364022,
      "sequence_location": "SO:0000738",
      "md5": null,
      "sha512t4u": null
    }
  },
  {
    "model": "ensembl_metadata.assemblysequence",
    "pk": 698,
    "fields": {
      "name": "4",
      "assembly": 4,
      "accession": "CM000666.1",
      "chromosomal": true,
      "chromosome_rank": 4,
      "length": 191154276,
      "sequence_location": "SO:0000738",
      "md5": null,
      "sha512t4u": null
    }
  },
  {
    "model": "ensembl_metadata.assemblysequence",
    "pk": 699,
    "fields": {
      "name": "10",
      "assembly": 4,
      "accession": "CM000672.1",
      "chromosomal": true,
      "chromosome_rank": 10,
      "length": 135534747,
      "sequence_location": "SO:0000738",
      "md5": null,
      "sha512t4u": null
    }
  },
  {
    "model": "ensembl_metadata.assemblysequence",
    "pk": 700,
    "fields": {
      "name": "19",
      "assembly": 4,
      "accession": "CM000681.1",
      "chromosomal": true,
      "chromosome_rank": 19,
      "length": 59128983,
      "sequence_location": "SO:0000738",
      "md5": null,
      "sha512t4u": null
    }
  },
  {
    "model": "ensembl_metadata.assemblysequence",
    "pk": 701,
    "fields": {
      "name": "5",
      "assembly": 4,
      "accession": "CM000667.1",
      "chromosomal": true,
      "chromosome_rank": 5,
      "length": 180915260,
      "sequence_location": "SO:0000738",
      "md5": null,
      "sha512t4u": null
    }
  },
  {
    "model": "ensembl_metadata.assemblysequence",
    "pk": 702,
    "fields": {
      "name": "GL000206.1",
      "assembly": 4,
      "accession": "GL000206.1",
      "chromosomal": false,
      "chromosome_rank": null,
      "length": 41001,
      "sequence_location": "SO:0000738",
      "md5": null,
      "sha512t4u": null
    }
  },
  {
    "model": "ensembl_metadata.assemblysequence",
    "pk": 703,
    "fields": {
      "name": "GL000204.1",
      "assembly": 4,
      "accession": "GL000204.1",
      "chromosomal": false,
      "chromosome_rank": null,
      "length": 81310,
      "sequence_location": "SO:0000738",
      "md5": null,
      "sha512t4u": null
    }
  },
  {
    "model": "ensembl_metadata.assemblysequence",
    "pk": 704,
    "fields": {
      "name": "GL000246.1",
      "assembly": 4,
      "accession": "GL000246.1",
      "chromosomal": false,
      "chromosome_rank": null,
      "length": 38154,
      "sequence_location": "SO:0000738",
      "md5": null,
      "sha512t4u": null
    }
  },
  {
    "model": "ensembl_metadata.assemblysequence",
    "pk": 705,
    "fields": {
      "name": "GL000196.1",
      "assembly": 4,
      "accession": "GL000196.1",
      "chromosomal": false,
      "chromosome_rank": null,
      "length": 38914,
      "sequence_location": "SO:0000738",
      "md5": null,
      "sha512t4u": null
    }
  },
  {
    "model": "ensembl_metadata.assemblysequence",
    "pk": 706,
    "fields": {
      "name": "GL000222.1",
      "assembly": 4,
      "accession": "GL000222.1",
      "chromosomal": false,
      "chromosome_rank": null,
      "length": 186861,
      "sequence_location": "SO:0000738",
      "md5": null,
      "sha512t4u": null
    }
  },
  {
    "model": "ensembl_metadata.assemblysequence",
    "pk": 707,
    "fields": {
      "name": "GL000192.1",
      "assembly": 4,
      "accession": "GL000192.1",
      "chromosomal": false,
      "chromosome_rank": null,
      "length": 547496,
      "sequence_location": "SO:0000738",
      "md5": null,
      "sha512t4u": null
    }
  },
  {
    "model": "ensembl_metadata.assemblysequence",
    "pk": 708,
    "fields": {
      "name": "GL000198.1",
      "assembly": 4,
      "accession": "GL000198.1",
      "chromosomal": false,
      "chromosome_rank": null,
      "length": 90085,
      "sequence_location": "SO:0000738",
      "md5": null,
      "sha512t4u": null
    }
  },
  {
    "model": "ensembl_metadata.assemblysequence",
    "pk": 709,
    "fields": {
      "name": "GL000229.1",
      "assembly": 4,
      "accession": "GL000229.1",
      "chromosomal": false,
      "chromosome_rank": null,
      "length": 19913,
      "sequence_location": "SO:0000738",
      "md5": null,
      "sha512t4u": null
    }
  },
  {
    "model": "ensembl_metadata.assemblysequence",
    "pk": 710,
    "fields": {
      "name": "GL000227.1",
      "assembly": 4,
      "accession": "GL000227.1",
      "chromosomal": false,
      "chromosome_rank": null,
      "length": 128374,
      "sequence_location": "SO:0000738",
      "md5": null,
      "sha512t4u": null
    }
  },
  {
    "model": "ensembl_metadata.assemblysequence",
    "pk": 711,
    "fields": {
      "name": "GL000207.1",
      "assembly": 4,
      "accession": "GL000207.1",
      "chromosomal": false,
      "chromosome_rank": null,
      "length": 4262,
      "sequence_location": "SO:0000738",
      "md5": null,
      "sha512t4u": null
    }
  },
  {
    "model": "ensembl_metadata.assemblysequence",
    "pk": 712,
    "fields": {
      "name": "GL000220.1",
      "assembly": 4,
      "accession": "GL000220.1",
      "chromosomal": false,
      "chromosome_rank": null,
      "length": 161802,
      "sequence_location": "SO:0000738",
      "md5": null,
      "sha512t4u": null
    }
  },
  {
    "model": "ensembl_metadata.assemblysequence",
    "pk": 713,
    "fields": {
      "name": "GL000224.1",
      "assembly": 4,
      "accession": "GL000224.1",
      "chromosomal": false,
      "chromosome_rank": null,
      "length": 179693,
      "sequence_location": "SO:0000738",
      "md5": null,
      "sha512t4u": null
    }
  },
  {
    "model": "ensembl_metadata.assemblysequence",
    "pk": 714,
    "fields": {
      "name": "GL000240.1",
      "assembly": 4,
      "accession": "GL000240.1",
      "chromosomal": false,
      "chromosome_rank": null,
      "length": 41933,
      "sequence_location": "SO:0000738",
      "md5": null,
      "sha512t4u": null
    }
  },
  {
    "model": "ensembl_metadata.assemblysequence",
    "pk": 715,
    "fields": {
      "name": "GL000238.1",
      "assembly": 4,
      "accession": "GL000238.1",
      "chromosomal": false,
      "chromosome_rank": null,
      "length": 39939,
      "sequence_location": "SO:0000738",
      "md5": null,
      "sha512t4u": null
    }
  },
  {
    "model": "ensembl_metadata.assemblysequence",
    "pk": 716,
    "fields": {
      "name": "GL000213.1",
      "assembly": 4,
      "accession": "GL000213.1",
      "chromosomal": false,
      "chromosome_rank": null,
      "length": 164239,
      "sequence_location": "SO:0000738",
      "md5": null,
      "sha512t4u": null
    }
  },
  {
    "model": "ensembl_metadata.assemblysequence",
    "pk": 717,
    "fields": {
      "name": "GL000234.1",
      "assembly": 4,
      "accession": "GL000234.1",
      "chromosomal": false,
      "chromosome_rank": null,
      "length": 40531,
      "sequence_location": "SO:0000738",
      "md5": null,
      "sha512t4u": null
    }
  },
  {
    "model": "ensembl_metadata.assemblysequence",
    "pk": 718,
    "fields": {
      "name": "GL000225.1",
      "assembly": 4,
      "accession": "GL000225.1",
      "chromosomal": false,
      "chromosome_rank": null,
      "length": 211173,
      "sequence_location": "SO:0000738",
      "md5": null,
      "sha512t4u": null
    }
  },
  {
    "model": "ensembl_metadata.assemblysequence",
    "pk": 719,
    "fields": {
      "name": "GL000247.1",
      "assembly": 4,
      "accession": "GL000247.1",
      "chromosomal": false,
      "chromosome_rank": null,
      "length": 36422,
      "sequence_location": "SO:0000738",
      "md5": null,
      "sha512t4u": null
    }
  },
  {
    "model": "ensembl_metadata.assemblysequence",
    "pk": 720,
    "fields": {
      "name": "GL000235.1",
      "assembly": 4,
      "accession": "GL000235.1",
      "chromosomal": false,
      "chromosome_rank": null,
      "length": 34474,
      "sequence_location": "SO:0000738",
      "md5": null,
      "sha512t4u": null
    }
  },
  {
    "model": "ensembl_metadata.assemblysequence",
    "pk": 721,
    "fields": {
      "name": "GL000194.1",
      "assembly": 4,
      "accession": "GL000194.1",
      "chromosomal": false,
      "chromosome_rank": null,
      "length": 191469,
      "sequence_location": "SO:0000738",
      "md5": null,
      "sha512t4u": null
    }
  },
  {
    "model": "ensembl_metadata.assemblysequence",
    "pk": 722,
    "fields": {
      "name": "GL000218.1",
      "assembly": 4,
      "accession": "GL000218.1",
      "chromosomal": false,
      "chromosome_rank": null,
      "length": 161147,
      "sequence_location": "SO:0000738",
      "md5": null,
      "sha512t4u": null
    }
  },
  {
    "model": "ensembl_metadata.assemblysequence",
    "pk": 723,
    "fields": {
      "name": "GL000223.1",
      "assembly": 4,
      "accession": "GL000223.1",
      "chromosomal": false,
      "chromosome_rank": null,
      "length": 180455,
      "sequence_location": "SO:0000738",
      "md5": null,
      "sha512t4u": null
    }
  },
  {
    "model": "ensembl_metadata.assemblysequence",
    "pk": 724,
    "fields": {
      "name": "GL000231.1",
      "assembly": 4,
      "accession": "GL000231.1",
      "chromosomal": false,
      "chromosome_rank": null,
      "length": 27386,
      "sequence_location": "SO:0000738",
      "md5": null,
      "sha512t4u": null
    }
  },
  {
    "model": "ensembl_metadata.assemblysequence",
    "pk": 725,
    "fields": {
      "name": "GL000221.1",
      "assembly": 4,
      "accession": "GL000221.1",
      "chromosomal": false,
      "chromosome_rank": null,
      "length": 155397,
      "sequence_location": "SO:0000738",
      "md5": null,
      "sha512t4u": null
    }
  },
  {
    "model": "ensembl_metadata.assemblysequence",
    "pk": 726,
    "fields": {
      "name": "GL000209.1",
      "assembly": 4,
      "accession": "GL000209.1",
      "chromosomal": false,
      "chromosome_rank": null,
      "length": 159169,
      "sequence_location": "SO:0000738",
      "md5": null,
      "sha512t4u": null
    }
  },
  {
    "model": "ensembl_metadata.assemblysequence",
    "pk": 727,
    "fields": {
      "name": "GL000243.1",
      "assembly": 4,
      "accession": "GL000243.1",
      "chromosomal": false,
      "chromosome_rank": null,
      "length": 43341,
      "sequence_location": "SO:0000738",
      "md5": null,
      "sha512t4u": null
    }
  },
  {
    "model": "ensembl_metadata.assemblysequence",
    "pk": 728,
    "fields": {
      "name": "GL000216.1",
      "assembly": 4,
      "accession": "GL000216.1",
      "chromosomal": false,
      "chromosome_rank": null,
      "length": 172294,
      "sequence_location": "SO:0000738",
      "md5": null,
      "sha512t4u": null
    }
  },
  {
    "model": "ensembl_metadata.assemblysequence",
    "pk": 729,
    "fields": {
      "name": "GL000199.1",
      "assembly": 4,
      "accession": "GL000199.1",
      "chromosomal": false,
      "chromosome_rank": null,
      "length": 169874,
      "sequence_location": "SO:0000738",
      "md5": null,
      "sha512t4u": null
    }
  },
  {
    "model": "ensembl_metadata.assemblysequence",
    "pk": 730,
    "fields": {
      "name": "GL000249.1",
      "assembly": 4,
      "accession": "GL000249.1",
      "chromosomal": false,
      "chromosome_rank": null,
      "length": 38502,
      "sequence_location": "SO:0000738",
      "md5": null,
      "sha512t4u": null
    }
  },
  {
    "model": "ensembl_metadata.assemblysequence",
    "pk": 731,
    "fields": {
      "name": "GL000205.1",
      "assembly": 4,
      "accession": "GL000205.1",
      "chromosomal": false,
      "chromosome_rank": null,
      "length": 174588,
      "sequence_location": "SO:0000738",
      "md5": null,
      "sha512t4u": null
    }
  },
  {
    "model": "ensembl_metadata.assemblysequence",
    "pk": 732,
    "fields": {
      "name": "GL000219.1",
      "assembly": 4,
      "accession": "GL000219.1",
      "chromosomal": false,
      "chromosome_rank": null,
      "length": 179198,
      "sequence_location": "SO:0000738",
      "md5": null,
      "sha512t4u": null
    }
  },
  {
    "model": "ensembl_metadata.assemblysequence",
    "pk": 733,
    "fields": {
      "name": "GL000203.1",
      "assembly": 4,
      "accession": "GL000203.1",
      "chromosomal": false,
      "chromosome_rank": null,
      "length": 37498,
      "sequence_location": "SO:0000738",
      "md5": null,
      "sha512t4u": null
    }
  },
  {
    "model": "ensembl_metadata.assemblysequence",
    "pk": 734,
    "fields": {
      "name": "GL000202.1",
      "assembly": 4,
      "accession": "GL000202.1",
      "chromosomal": false,
      "chromosome_rank": null,
      "length": 40103,
      "sequence_location": "SO:0000738",
      "md5": null,
      "sha512t4u": null
    }
  },
  {
    "model": "ensembl_metadata.assemblysequence",
    "pk": 735,
    "fields": {
      "name": "GL000245.1",
      "assembly": 4,
      "accession": "GL000245.1",
      "chromosomal": false,
      "chromosome_rank": null,
      "length": 36651,
      "sequence_location": "SO:0000738",
      "md5": null,
      "sha512t4u": null
    }
  },
  {
    "model": "ensembl_metadata.assemblysequence",
    "pk": 736,
    "fields": {
      "name": "GL000233.1",
      "assembly": 4,
      "accession": "GL000233.1",
      "chromosomal": false,
      "chromosome_rank": null,
      "length": 45941,
      "sequence_location": "SO:0000738",
      "md5": null,
      "sha512t4u": null
    }
  },
  {
    "model": "ensembl_metadata.assemblysequence",
    "pk": 737,
    "fields": {
      "name": "GL000226.1",
      "assembly": 4,
      "accession": "GL000226.1",
      "chromosomal": false,
      "chromosome_rank": null,
      "length": 15008,
      "sequence_location": "SO:0000738",
      "md5": null,
      "sha512t4u": null
    }
  },
  {
    "model": "ensembl_metadata.assemblysequence",
    "pk": 738,
    "fields": {
      "name": "GL000242.1",
      "assembly": 4,
      "accession": "GL000242.1",
      "chromosomal": false,
      "chromosome_rank": null,
      "length": 43523,
      "sequence_location": "SO:0000738",
      "md5": null,
      "sha512t4u": null
    }
  },
  {
    "model": "ensembl_metadata.assemblysequence",
    "pk": 739,
    "fields": {
      "name": "GL000211.1",
      "assembly": 4,
      "accession": "GL000211.1",
      "chromosomal": false,
      "chromosome_rank": null,
      "length": 166566,
      "sequence_location": "SO:0000738",
      "md5": null,
      "sha512t4u": null
    }
  },
  {
    "model": "ensembl_metadata.assemblysequence",
    "pk": 740,
    "fields": {
      "name": "GL000244.1",
      "assembly": 4,
      "accession": "GL000244.1",
      "chromosomal": false,
      "chromosome_rank": null,
      "length": 39929,
      "sequence_location": "SO:0000738",
      "md5": null,
      "sha512t4u": null
    }
  },
  {
    "model": "ensembl_metadata.assemblysequence",
    "pk": 741,
    "fields": {
      "name": "GL000212.1",
      "assembly": 4,
      "accession": "GL000212.1",
      "chromosomal": false,
      "chromosome_rank": null,
      "length": 186858,
      "sequence_location": "SO:0000738",
      "md5": null,
      "sha512t4u": null
    }
  },
  {
    "model": "ensembl_metadata.assemblysequence",
    "pk": 742,
    "fields": {
      "name": "GL000230.1",
      "assembly": 4,
      "accession": "GL000230.1",
      "chromosomal": false,
      "chromosome_rank": null,
      "length": 43691,
      "sequence_location": "SO:0000738",
      "md5": null,
      "sha512t4u": null
    }
  },
  {
    "model": "ensembl_metadata.assemblysequence",
    "pk": 743,
    "fields": {
      "name": "GL000214.1",
      "assembly": 4,
      "accession": "GL000214.1",
      "chromosomal": false,
      "chromosome_rank": null,
      "length": 137718,
      "sequence_location": "SO:0000738",
      "md5": null,
      "sha512t4u": null
    }
  },
  {
    "model": "ensembl_metadata.assemblysequence",
    "pk": 744,
    "fields": {
      "name": "GL000193.1",
      "assembly": 4,
      "accession": "GL000193.1",
      "chromosomal": false,
      "chromosome_rank": null,
      "length": 189789,
      "sequence_location": "SO:0000738",
      "md5": null,
      "sha512t4u": null
    }
  },
  {
    "model": "ensembl_metadata.assemblysequence",
    "pk": 745,
    "fields": {
      "name": "GL000236.1",
      "assembly": 4,
      "accession": "GL000236.1",
      "chromosomal": false,
      "chromosome_rank": null,
      "length": 41934,
      "sequence_location": "SO:0000738",
      "md5": null,
      "sha512t4u": null
    }
  },
  {
    "model": "ensembl_metadata.assemblysequence",
    "pk": 746,
    "fields": {
      "name": "GL000239.1",
      "assembly": 4,
      "accession": "GL000239.1",
      "chromosomal": false,
      "chromosome_rank": null,
      "length": 33824,
      "sequence_location": "SO:0000738",
      "md5": null,
      "sha512t4u": null
    }
  },
  {
    "model": "ensembl_metadata.assemblysequence",
    "pk": 747,
    "fields": {
      "name": "GL000200.1",
      "assembly": 4,
      "accession": "GL000200.1",
      "chromosomal": false,
      "chromosome_rank": null,
      "length": 187035,
      "sequence_location": "SO:0000738",
      "md5": null,
      "sha512t4u": null
    }
  },
  {
    "model": "ensembl_metadata.assemblysequence",
    "pk": 748,
    "fields": {
      "name": "GL000232.1",
      "assembly": 4,
      "accession": "GL000232.1",
      "chromosomal": false,
      "chromosome_rank": null,
      "length": 40652,
      "sequence_location": "SO:0000738",
      "md5": null,
      "sha512t4u": null
    }
  },
  {
    "model": "ensembl_metadata.assemblysequence",
    "pk": 749,
    "fields": {
      "name": "GL000215.1",
      "assembly": 4,
      "accession": "GL000215.1",
      "chromosomal": false,
      "chromosome_rank": null,
      "length": 172545,
      "sequence_location": "SO:0000738",
      "md5": null,
      "sha512t4u": null
    }
  },
  {
    "model": "ensembl_metadata.assemblysequence",
    "pk": 750,
    "fields": {
      "name": "GL000241.1",
      "assembly": 4,
      "accession": "GL000241.1",
      "chromosomal": false,
      "chromosome_rank": null,
      "length": 42152,
      "sequence_location": "SO:0000738",
      "md5": null,
      "sha512t4u": null
    }
  },
  {
    "model": "ensembl_metadata.assemblysequence",
    "pk": 751,
    "fields": {
      "name": "GL000248.1",
      "assembly": 4,
      "accession": "GL000248.1",
      "chromosomal": false,
      "chromosome_rank": null,
      "length": 39786,
      "sequence_location": "SO:0000738",
      "md5": null,
      "sha512t4u": null
    }
  },
  {
    "model": "ensembl_metadata.assemblysequence",
    "pk": 752,
    "fields": {
      "name": "GL000201.1",
      "assembly": 4,
      "accession": "GL000201.1",
      "chromosomal": false,
      "chromosome_rank": null,
      "length": 36148,
      "sequence_location": "SO:0000738",
      "md5": null,
      "sha512t4u": null
    }
  },
  {
    "model": "ensembl_metadata.assemblysequence",
    "pk": 753,
    "fields": {
      "name": "GL000237.1",
      "assembly": 4,
      "accession": "GL000237.1",
      "chromosomal": false,
      "chromosome_rank": null,
      "length": 45867,
      "sequence_location": "SO:0000738",
      "md5": null,
      "sha512t4u": null
    }
  },
  {
    "model": "ensembl_metadata.assemblysequence",
    "pk": 754,
    "fields": {
      "name": "GL000228.1",
      "assembly": 4,
      "accession": "GL000228.1",
      "chromosomal": false,
      "chromosome_rank": null,
      "length": 129120,
      "sequence_location": "SO:0000738",
      "md5": null,
      "sha512t4u": null
    }
  },
  {
    "model": "ensembl_metadata.assemblysequence",
    "pk": 755,
    "fields": {
      "name": "GL000195.1",
      "assembly": 4,
      "accession": "GL000195.1",
      "chromosomal": false,
      "chromosome_rank": null,
      "length": 182896,
      "sequence_location": "SO:0000738",
      "md5": null,
      "sha512t4u": null
    }
  },
  {
    "model": "ensembl_metadata.assemblysequence",
    "pk": 756,
    "fields": {
      "name": "GL000210.1",
      "assembly": 4,
      "accession": "GL000210.1",
      "chromosomal": false,
      "chromosome_rank": null,
      "length": 27682,
      "sequence_location": "SO:0000738",
      "md5": null,
      "sha512t4u": null
    }
  },
  {
    "model": "ensembl_metadata.assemblysequence",
    "pk": 757,
    "fields": {
      "name": "GL000208.1",
      "assembly": 4,
      "accession": "GL000208.1",
      "chromosomal": false,
      "chromosome_rank": null,
      "length": 92689,
      "sequence_location": "SO:0000738",
      "md5": null,
      "sha512t4u": null
    }
  },
  {
    "model": "ensembl_metadata.assemblysequence",
    "pk": 758,
    "fields": {
      "name": "GL000191.1",
      "assembly": 4,
      "accession": "GL000191.1",
      "chromosomal": false,
      "chromosome_rank": null,
      "length": 106433,
      "sequence_location": "SO:0000738",
      "md5": null,
      "sha512t4u": null
    }
  },
  {
    "model": "ensembl_metadata.assemblysequence",
    "pk": 759,
    "fields": {
      "name": "GL000217.1",
      "assembly": 4,
      "accession": "GL000217.1",
      "chromosomal": false,
      "chromosome_rank": null,
      "length": 172149,
      "sequence_location": "SO:0000738",
      "md5": null,
      "sha512t4u": null
    }
  },
  {
    "model": "ensembl_metadata.assemblysequence",
    "pk": 760,
    "fields": {
      "name": "GL000197.1",
      "assembly": 4,
      "accession": "GL000197.1",
      "chromosomal": false,
      "chromosome_rank": null,
      "length": 37175,
      "sequence_location": "SO:0000738",
      "md5": null,
      "sha512t4u": null
    }
  },
  {
    "model": "ensembl_metadata.assemblysequence",
    "pk": 761,
    "fields": {
      "name": "HSCHR6_MHC_APD",
      "assembly": 4,
      "accession": "HSCHR6_MHC_APD",
      "chromosomal": true,
      "chromosome_rank": null,
      "length": 171098467,
      "sequence_location": "SO:0000738",
      "md5": null,
      "sha512t4u": null
    }
  },
  {
    "model": "ensembl_metadata.assemblysequence",
    "pk": 762,
    "fields": {
      "name": "HSCHR6_MHC_COX",
      "assembly": 4,
      "accession": "HSCHR6_MHC_COX",
      "chromosomal": true,
      "chromosome_rank": null,
      "length": 171036692,
      "sequence_location": "SO:0000738",
      "md5": null,
      "sha512t4u": null
    }
  },
  {
    "model": "ensembl_metadata.assemblysequence",
    "pk": 763,
    "fields": {
      "name": "HSCHR6_MHC_DBB",
      "assembly": 4,
      "accession": "HSCHR6_MHC_DBB",
      "chromosomal": true,
      "chromosome_rank": null,
      "length": 171092990,
      "sequence_location": "SO:0000738",
      "md5": null,
      "sha512t4u": null
    }
  },
  {
    "model": "ensembl_metadata.assemblysequence",
    "pk": 764,
    "fields": {
      "name": "HSCHR6_MHC_MANN",
      "assembly": 4,
      "accession": "HSCHR6_MHC_MANN",
      "chromosomal": true,
      "chromosome_rank": null,
      "length": 171268956,
      "sequence_location": "SO:0000738",
      "md5": null,
      "sha512t4u": null
    }
  },
  {
    "model": "ensembl_metadata.assemblysequence",
    "pk": 765,
    "fields": {
      "name": "HSCHR6_MHC_MCF",
      "assembly": 4,
      "accession": "HSCHR6_MHC_MCF",
      "chromosomal": true,
      "chromosome_rank": null,
      "length": 171285426,
      "sequence_location": "SO:0000738",
      "md5": null,
      "sha512t4u": null
    }
  },
  {
    "model": "ensembl_metadata.assemblysequence",
    "pk": 766,
    "fields": {
      "name": "HSCHR6_MHC_QBL",
      "assembly": 4,
      "accession": "HSCHR6_MHC_QBL",
      "chromosomal": true,
      "chromosome_rank": null,
      "length": 171043904,
      "sequence_location": "SO:0000738",
      "md5": null,
      "sha512t4u": null
    }
  },
  {
    "model": "ensembl_metadata.assemblysequence",
    "pk": 767,
    "fields": {
      "name": "HSCHR6_MHC_SSTO",
      "assembly": 4,
      "accession": "HSCHR6_MHC_SSTO",
      "chromosomal": true,
      "chromosome_rank": null,
      "length": 171254422,
      "sequence_location": "SO:0000738",
      "md5": null,
      "sha512t4u": null
    }
  },
  {
    "model": "ensembl_metadata.assemblysequence",
    "pk": 768,
    "fields": {
      "name": "HSCHR4_1",
      "assembly": 4,
      "accession": "HSCHR4_1",
      "chromosomal": true,
      "chromosome_rank": null,
      "length": 191036603,
      "sequence_location": "SO:0000738",
      "md5": null,
      "sha512t4u": null
    }
  },
  {
    "model": "ensembl_metadata.assemblysequence",
    "pk": 769,
    "fields": {
      "name": "HSCHR17_1",
      "assembly": 4,
      "accession": "HSCHR17_1",
      "chromosomal": true,
      "chromosome_rank": null,
      "length": 81347270,
      "sequence_location": "SO:0000738",
      "md5": null,
      "sha512t4u": null
    }
  },
  {
    "model": "ensembl_metadata.assemblysequence",
    "pk": 770,
    "fields": {
      "name": "HG1287_PATCH",
      "assembly": 4,
      "accession": "HG1287_PATCH",
      "chromosomal": true,
      "chromosome_rank": null,
      "length": 249964560,
      "sequence_location": "SO:0000738",
      "md5": null,
      "sha512t4u": null
    }
  },
  {
    "model": "ensembl_metadata.assemblysequence",
    "pk": 771,
    "fields": {
      "name": "HSCHR6_2_CTG5",
      "assembly": 4,
      "accession": "HSCHR6_2_CTG5",
      "chromosomal": true,
      "chromosome_rank": null,
      "length": 171145319,
      "sequence_location": "SO:0000738",
      "md5": null,
      "sha512t4u": null
    }
  },
  {
    "model": "ensembl_metadata.assemblysequence",
    "pk": 772,
    "fields": {
      "name": "HG1592_PATCH",
      "assembly": 4,
      "accession": "HG1592_PATCH",
      "chromosomal": true,
      "chromosome_rank": null,
      "length": 107407662,
      "sequence_location": "SO:0000738",
      "md5": null,
      "sha512t4u": null
    }
  },
  {
    "model": "ensembl_metadata.assemblysequence",
    "pk": 773,
    "fields": {
      "name": "HG1079_PATCH",
      "assembly": 4,
      "accession": "HG1079_PATCH",
      "chromosomal": true,
      "chromosome_rank": null,
      "length": 59120870,
      "sequence_location": "SO:0000738",
      "md5": null,
      "sha512t4u": null
    }
  },
  {
    "model": "ensembl_metadata.assemblysequence",
    "pk": 774,
    "fields": {
      "name": "HSCHR22_1_CTG1",
      "assembly": 4,
      "accession": "HSCHR22_1_CTG1",
      "chromosomal": true,
      "chromosome_rank": null,
      "length": 51292468,
      "sequence_location": "SO:0000738",
      "md5": null,
      "sha512t4u": null
    }
  },
  {
    "model": "ensembl_metadata.assemblysequence",
    "pk": 775,
    "fields": {
      "name": "HG29_PATCH",
      "assembly": 4,
      "accession": "HG29_PATCH",
      "chromosomal": true,
      "chromosome_rank": null,
      "length": 155270596,
      "sequence_location": "SO:0000738",
      "md5": null,
      "sha512t4u": null
    }
  },
  {
    "model": "ensembl_metadata.assemblysequence",
    "pk": 776,
    "fields": {
      "name": "HG1436_HG1432_PATCH",
      "assembly": 4,
      "accession": "HG1436_HG1432_PATCH",
      "chromosomal": true,
      "chromosome_rank": null,
      "length": 155334750,
      "sequence_location": "SO:0000738",
      "md5": null,
      "sha512t4u": null
    }
  },
  {
    "model": "ensembl_metadata.assemblysequence",
    "pk": 777,
    "fields": {
      "name": "HG953_PATCH",
      "assembly": 4,
      "accession": "HG953_PATCH",
      "chromosomal": true,
      "chromosome_rank": null,
      "length": 243199374,
      "sequence_location": "SO:0000738",
      "md5": null,
      "sha512t4u": null
    }
  },
  {
    "model": "ensembl_metadata.assemblysequence",
    "pk": 778,
    "fields": {
      "name": "HG357_PATCH",
      "assembly": 4,
      "accession": "HG357_PATCH",
      "chromosomal": true,
      "chromosome_rank": null,
      "length": 171241738,
      "sequence_location": "SO:0000738",
      "md5": null,
      "sha512t4u": null
    }
  },
  {
    "model": "ensembl_metadata.assemblysequence",
    "pk": 779,
    "fields": {
      "name": "HG50_PATCH",
      "assembly": 4,
      "accession": "HG50_PATCH",
      "chromosomal": true,
      "chromosome_rank": null,
      "length": 141126899,
      "sequence_location": "SO:0000738",
      "md5": null,
      "sha512t4u": null
    }
  },
  {
    "model": "ensembl_metadata.assemblysequence",
    "pk": 780,
    "fields": {
      "name": "HG1074_PATCH",
      "assembly": 4,
      "accession": "HG1074_PATCH",
      "chromosomal": true,
      "chromosome_rank": null,
      "length": 134983033,
      "sequence_location": "SO:0000738",
      "md5": null,
      "sha512t4u": null
    }
  },
  {
    "model": "ensembl_metadata.assemblysequence",
    "pk": 781,
    "fields": {
      "name": "HG944_PATCH",
      "assembly": 4,
      "accession": "HG944_PATCH",
      "chromosomal": true,
      "chromosome_rank": null,
      "length": 63067000,
      "sequence_location": "SO:0000738",
      "md5": null,
      "sha512t4u": null
    }
  },
  {
    "model": "ensembl_metadata.assemblysequence",
    "pk": 782,
    "fields": {
      "name": "HSCHR22_2_CTG1",
      "assembly": 4,
      "accession": "HSCHR22_2_CTG1",
      "chromosomal": true,
      "chromosome_rank": null,
      "length": 51316694,
      "sequence_location": "SO:0000738",
      "md5": null,
      "sha512t4u": null
    }
  },
  {
    "model": "ensembl_metadata.assemblysequence",
    "pk": 783,
    "fields": {
      "name": "HG1426_PATCH",
      "assembly": 4,
      "accession": "HG1426_PATCH",
      "chromosomal": true,
      "chromosome_rank": null,
      "length": 155276017,
      "sequence_location": "SO:0000738",
      "md5": null,
      "sha512t4u": null
    }
  },
  {
    "model": "ensembl_metadata.assemblysequence",
    "pk": 784,
    "fields": {
      "name": "HG1472_PATCH",
      "assembly": 4,
      "accession": "HG1472_PATCH",
      "chromosomal": true,
      "chromosome_rank": null,
      "length": 249251918,
      "sequence_location": "SO:0000738",
      "md5": null,
      "sha512t4u": null
    }
  },
  {
    "model": "ensembl_metadata.assemblysequence",
    "pk": 785,
    "fields": {
      "name": "HG1292_PATCH",
      "assembly": 4,
      "accession": "HG1292_PATCH",
      "chromosomal": true,
      "chromosome_rank": null,
      "length": 250051446,
      "sequence_location": "SO:0000738",
      "md5": null,
      "sha512t4u": null
    }
  },
  {
    "model": "ensembl_metadata.assemblysequence",
    "pk": 786,
    "fields": {
      "name": "HG957_PATCH",
      "assembly": 4,
      "accession": "HG957_PATCH",
      "chromosomal": true,
      "chromosome_rank": null,
      "length": 198022419,
      "sequence_location": "SO:0000738",
      "md5": null,
      "sha512t4u": null
    }
  },
  {
    "model": "ensembl_metadata.assemblysequence",
    "pk": 787,
    "fields": {
      "name": "HG174_HG254_PATCH",
      "assembly": 4,
      "accession": "HG174_HG254_PATCH",
      "chromosomal": true,
      "chromosome_rank": null,
      "length": 191160487,
      "sequence_location": "SO:0000738",
      "md5": null,
      "sha512t4u": null
    }
  },
  {
    "model": "ensembl_metadata.assemblysequence",
    "pk": 788,
    "fields": {
      "name": "HG1082_HG167_PATCH",
      "assembly": 4,
      "accession": "HG1082_HG167_PATCH",
      "chromosomal": true,
      "chromosome_rank": null,
      "length": 180915278,
      "sequence_location": "SO:0000738",
      "md5": null,
      "sha512t4u": null
    }
  },
  {
    "model": "ensembl_metadata.assemblysequence",
    "pk": 789,
    "fields": {
      "name": "HG193_PATCH",
      "assembly": 4,
      "accession": "HG193_PATCH",
      "chromosomal": true,
      "chromosome_rank": null,
      "length": 171015169,
      "sequence_location": "SO:0000738",
      "md5": null,
      "sha512t4u": null
    }
  },
  {
    "model": "ensembl_metadata.assemblysequence",
    "pk": 790,
    "fields": {
      "name": "HG444_PATCH",
      "assembly": 4,
      "accession": "HG444_PATCH",
      "chromosomal": true,
      "chromosome_rank": null,
      "length": 159138589,
      "sequence_location": "SO:0000738",
      "md5": null,
      "sha512t4u": null
    }
  },
  {
    "model": "ensembl_metadata.assemblysequence",
    "pk": 791,
    "fields": {
      "name": "HG1699_PATCH",
      "assembly": 4,
      "accession": "HG1699_PATCH",
      "chromosomal": true,
      "chromosome_rank": null,
      "length": 146364052,
      "sequence_location": "SO:0000738",
      "md5": null,
      "sha512t4u": null
    }
  },
  {
    "model": "ensembl_metadata.assemblysequence",
    "pk": 792,
    "fields": {
      "name": "HG418_PATCH",
      "assembly": 4,
      "accession": "HG418_PATCH",
      "chromosomal": true,
      "chromosome_rank": null,
      "length": 146363965,
      "sequence_location": "SO:0000738",
      "md5": null,
      "sha512t4u": null
    }
  },
  {
    "model": "ensembl_metadata.assemblysequence",
    "pk": 793,
    "fields": {
      "name": "HG979_PATCH",
      "assembly": 4,
      "accession": "HG979_PATCH",
      "chromosomal": true,
      "chromosome_rank": null,
      "length": 135534996,
      "sequence_location": "SO:0000738",
      "md5": null,
      "sha512t4u": null
    }
  },
  {
    "model": "ensembl_metadata.assemblysequence",
    "pk": 794,
    "fields": {
      "name": "HG122_PATCH",
      "assembly": 4,
      "accession": "HG122_PATCH",
      "chromosomal": true,
      "chromosome_rank": null,
      "length": 135006522,
      "sequence_location": "SO:0000738",
      "md5": null,
      "sha512t4u": null
    }
  },
  {
    "model": "ensembl_metadata.assemblysequence",
    "pk": 795,
    "fields": {
      "name": "HG344_PATCH",
      "assembly": 4,
      "accession": "HG344_PATCH",
      "chromosomal": true,
      "chromosome_rank": null,
      "length": 133853754,
      "sequence_location": "SO:0000738",
      "md5": null,
      "sha512t4u": null
    }
  },
  {
    "model": "ensembl_metadata.assemblysequence",
    "pk": 796,
    "fields": {
      "name": "HG1595_PATCH",
      "assembly": 4,
      "accession": "HG1595_PATCH",
      "chromosomal": true,
      "chromosome_rank": null,
      "length": 133851793,
      "sequence_location": "SO:0000738",
      "md5": null,
      "sha512t4u": null
    }
  },
  {
    "model": "ensembl_metadata.assemblysequence",
    "pk": 797,
    "fields": {
      "name": "HG417_PATCH",
      "assembly": 4,
      "accession": "HG417_PATCH",
      "chromosomal": true,
      "chromosome_rank": null,
      "length": 81285417,
      "sequence_location": "SO:0000738",
      "md5": null,
      "sha512t4u": null
    }
  },
  {
    "model": "ensembl_metadata.assemblysequence",
    "pk": 798,
    "fields": {
      "name": "HSCHR17_1_CTG1",
      "assembly": 4,
      "accession": "HSCHR17_1_CTG1",
      "chromosomal": true,
      "chromosome_rank": null,
      "length": 81213043,
      "sequence_location": "SO:0000738",
      "md5": null,
      "sha512t4u": null
    }
  },
  {
    "model": "ensembl_metadata.assemblysequence",
    "pk": 799,
    "fields": {
      "name": "HG987_PATCH",
      "assembly": 4,
      "accession": "HG987_PATCH",
      "chromosomal": true,
      "chromosome_rank": null,
      "length": 81523974,
      "sequence_location": "SO:0000738",
      "md5": null,
      "sha512t4u": null
    }
  },
  {
    "model": "ensembl_metadata.assemblysequence",
    "pk": 800,
    "fields": {
      "name": "HG1591_PATCH",
      "assembly": 4,
      "accession": "HG1591_PATCH",
      "chromosomal": true,
      "chromosome_rank": null,
      "length": 81448030,
      "sequence_location": "SO:0000738",
      "md5": null,
      "sha512t4u": null
    }
  },
  {
    "model": "ensembl_metadata.assemblysequence",
    "pk": 801,
    "fields": {
      "name": "HG385_PATCH",
      "assembly": 4,
      "accession": "HG385_PATCH",
      "chromosomal": true,
      "chromosome_rank": null,
      "length": 81195225,
      "sequence_location": "SO:0000738",
      "md5": null,
      "sha512t4u": null
    }
  },
  {
    "model": "ensembl_metadata.assemblysequence",
    "pk": 802,
    "fields": {
      "name": "HG745_PATCH",
      "assembly": 4,
      "accession": "HG745_PATCH",
      "chromosomal": true,
      "chromosome_rank": null,
      "length": 81195211,
      "sequence_location": "SO:0000738",
      "md5": null,
      "sha512t4u": null
    }
  },
  {
    "model": "ensembl_metadata.assemblysequence",
    "pk": 803,
    "fields": {
      "name": "HG730_PATCH",
      "assembly": 4,
      "accession": "HG730_PATCH",
      "chromosomal": true,
      "chromosome_rank": null,
      "length": 59056986,
      "sequence_location": "SO:0000738",
      "md5": null,
      "sha512t4u": null
    }
  },
  {
    "model": "ensembl_metadata.assemblysequence",
    "pk": 804,
    "fields": {
      "name": "HG1350_HG959_PATCH",
      "assembly": 4,
      "accession": "HG1350_HG959_PATCH",
      "chromosomal": true,
      "chromosome_rank": null,
      "length": 59130736,
      "sequence_location": "SO:0000738",
      "md5": null,
      "sha512t4u": null
    }
  },
  {
    "model": "ensembl_metadata.assemblysequence",
    "pk": 805,
    "fields": {
      "name": "HG237_PATCH",
      "assembly": 4,
      "accession": "HG237_PATCH",
      "chromosomal": true,
      "chromosome_rank": null,
      "length": 48129861,
      "sequence_location": "SO:0000738",
      "md5": null,
      "sha512t4u": null
    }
  },
  {
    "model": "ensembl_metadata.assemblysequence",
    "pk": 806,
    "fields": {
      "name": "HG480_HG481_PATCH",
      "assembly": 4,
      "accession": "HG480_HG481_PATCH",
      "chromosomal": true,
      "chromosome_rank": null,
      "length": 155131142,
      "sequence_location": "SO:0000738",
      "md5": null,
      "sha512t4u": null
    }
  },
  {
    "model": "ensembl_metadata.assemblysequence",
    "pk": 807,
    "fields": {
      "name": "HG1459_PATCH",
      "assembly": 4,
      "accession": "HG1459_PATCH",
      "chromosomal": true,
      "chromosome_rank": null,
      "length": 155183809,
      "sequence_location": "SO:0000738",
      "md5": null,
      "sha512t4u": null
    }
  },
  {
    "model": "ensembl_metadata.assemblysequence",
    "pk": 808,
    "fields": {
      "name": "HG1497_PATCH",
      "assembly": 4,
      "accession": "HG1497_PATCH",
      "chromosomal": true,
      "chromosome_rank": null,
      "length": 155209367,
      "sequence_location": "SO:0000738",
      "md5": null,
      "sha512t4u": null
    }
  },
  {
    "model": "ensembl_metadata.attribute",
    "pk": 1,
    "fields": {
      "name": "contig_n50",
      "label": "Contig N50",
      "description": "Median size of contigs in a genome assembly",
      "type": "bp"
    }
  },
  {
    "model": "ensembl_metadata.attribute",
    "pk": 2,
    "fields": {
      "name": "total_genome_length",
      "label": "Total genome length",
      "description": "Total length of all genomic sequences",
      "type": "bp"
    }
  },
  {
    "model": "ensembl_metadata.attribute",
    "pk": 3,
    "fields": {
      "name": "total_coding_sequence_length",
      "label": "Total coding sequence length",
      "description": "Total length of all coding sequences",
      "type": "bp"
    }
  },
  {
    "model": "ensembl_metadata.attribute",
    "pk": 4,
    "fields": {
      "name": "total_gap_length",
      "label": "Total gap length",
      "description": "Total length of all gaps in a genome assembly",
      "type": "bp"
    }
  },
  {
    "model": "ensembl_metadata.attribute",
    "pk": 5,
    "fields": {
      "name": "spanned_gaps",
      "label": "Spanned gaps",
      "description": "Number of gaps covered by sequencing reads",
      "type": "integer"
    }
  },
  {
    "model": "ensembl_metadata.attribute",
    "pk": 6,
    "fields": {
      "name": "chromosomes",
      "label": "Chromosomes or plasmids",
      "description": "Number of structures in cells containing DNA",
      "type": "integer"
    }
  },
  {
    "model": "ensembl_metadata.attribute",
    "pk": 7,
    "fields": {
      "name": "toplevel_sequences",
      "label": "Top level sequences",
      "description": "Primary sequences in a genome assembly",
      "type": "integer"
    }
  },
  {
    "model": "ensembl_metadata.attribute",
    "pk": 8,
    "fields": {
      "name": "component_sequences",
      "label": "Component sequences",
      "description": "Part of the primary sequences in assembly",
      "type": "integer"
    }
  },
  {
    "model": "ensembl_metadata.attribute",
    "pk": 9,
    "fields": {
      "name": "gc_percentage",
      "label": "Average GC content",
      "description": "Percentage of nucleotides in DNA that are G or C",
      "type": "percent"
    }
  },
  {
    "model": "ensembl_metadata.attribute",
    "pk": 10,
    "fields": {
      "name": "coding_genes",
      "label": "Coding genes",
      "description": "Genes that code for proteins",
      "type": "integer"
    }
  },
  {
    "model": "ensembl_metadata.attribute",
    "pk": 11,
    "fields": {
      "name": "average_genomic_span",
      "label": "Average coding genomic span",
      "description": "Average length of all genomic regions",
      "type": "bp"
    }
  },
  {
    "model": "ensembl_metadata.attribute",
    "pk": 12,
    "fields": {
      "name": "average_sequence_length",
      "label": "Average coding sequence length",
      "description": "Average length of sequences in genome",
      "type": "bp"
    }
  },
  {
    "model": "ensembl_metadata.attribute",
    "pk": 13,
    "fields": {
      "name": "average_cds_length",
      "label": "Average CDS length",
      "description": "Average length of coding sequences",
      "type": "bp"
    }
  },
  {
    "model": "ensembl_metadata.attribute",
    "pk": 14,
    "fields": {
      "name": "shortest_gene_length",
      "label": "Shortest coding gene",
      "description": "Length of shortest gene",
      "type": "bp"
    }
  },
  {
    "model": "ensembl_metadata.attribute",
    "pk": 15,
    "fields": {
      "name": "longest_gene_length",
      "label": "Longest coding gene",
      "description": "Length of longest gene",
      "type": "bp"
    }
  },
  {
    "model": "ensembl_metadata.attribute",
    "pk": 16,
    "fields": {
      "name": "total_transcripts",
      "label": "Transcripts in coding genes",
      "description": "Total number of RNA transcripts",
      "type": "integer"
    }
  },
  {
    "model": "ensembl_metadata.attribute",
    "pk": 17,
    "fields": {
      "name": "coding_transcripts",
      "label": "Coding transcripts",
      "description": "Transcripts that code for proteins",
      "type": "integer"
    }
  },
  {
    "model": "ensembl_metadata.attribute",
    "pk": 18,
    "fields": {
      "name": "transcripts_per_gene",
      "label": "Average transcripts per coding gene",
      "description": "Average number of transcripts per gene",
      "type": "float"
    }
  },
  {
    "model": "ensembl_metadata.attribute",
    "pk": 19,
    "fields": {
      "name": "coding_transcripts_per_gene",
      "label": "Average coding transcripts per gene",
      "description": "Average coding transcripts per gene",
      "type": "float"
    }
  },
  {
    "model": "ensembl_metadata.attribute",
    "pk": 20,
    "fields": {
      "name": "total_exons",
      "label": "Exons in coding genes",
      "description": "Total number of exons",
      "type": "integer"
    }
  },
  {
    "model": "ensembl_metadata.attribute",
    "pk": 21,
    "fields": {
      "name": "total_coding_exons",
      "label": "Exons in coding genes",
      "description": "Total number of coding exons",
      "type": "integer"
    }
  },
  {
    "model": "ensembl_metadata.attribute",
    "pk": 22,
    "fields": {
      "name": "average_exon_length",
      "label": "Average exon length",
      "description": "Average length of exons",
      "type": "bp"
    }
  },
  {
    "model": "ensembl_metadata.attribute",
    "pk": 23,
    "fields": {
      "name": "average_coding_exon_length",
      "label": "Average exon length per coding gene",
      "description": "Average length of coding exons",
      "type": "bp"
    }
  },
  {
    "model": "ensembl_metadata.attribute",
    "pk": 24,
    "fields": {
      "name": "average_exons_per_transcript",
      "label": "Average exons per coding transcript",
      "description": "Average exons per transcript",
      "type": "float"
    }
  },
  {
    "model": "ensembl_metadata.attribute",
    "pk": 25,
    "fields": {
      "name": "average_coding_exons_per_coding_transcript",
      "label": "Average coding exons per transcript",
      "description": "Average coding exons per coding transcript",
      "type": "float"
    }
  },
  {
    "model": "ensembl_metadata.attribute",
    "pk": 26,
    "fields": {
      "name": "total_introns",
      "label": "Introns in coding genes",
      "description": "Total number of introns",
      "type": "integer"
    }
  },
  {
    "model": "ensembl_metadata.attribute",
    "pk": 27,
    "fields": {
      "name": "average_intron_length",
      "label": "Average intron length",
      "description": "Average intron length per coding gene",
      "type": "bp"
    }
  },
  {
    "model": "ensembl_metadata.attribute",
    "pk": 28,
    "fields": {
      "name": "nc_non_coding_genes",
      "label": "Non-coding genes",
      "description": "Genes that don't code for proteins",
      "type": "integer"
    }
  },
  {
    "model": "ensembl_metadata.attribute",
    "pk": 29,
    "fields": {
      "name": "nc_small_non_coding_genes",
      "label": "Small non-coding genes",
      "description": "Small genes not coding for proteins",
      "type": "integer"
    }
  },
  {
    "model": "ensembl_metadata.attribute",
    "pk": 30,
    "fields": {
      "name": "nc_long_non_coding_genes",
      "label": "Long non-coding genes",
      "description": "Long genes not coding for proteins",
      "type": "integer"
    }
  },
  {
    "model": "ensembl_metadata.attribute",
    "pk": 31,
    "fields": {
      "name": "nc_misc_non_coding_genes",
      "label": "Misc. non-coding genes",
      "description": "Miscellaneous non-coding genes",
      "type": "integer"
    }
  },
  {
    "model": "ensembl_metadata.attribute",
    "pk": 32,
    "fields": {
      "name": "nc_average_genomic_span",
      "label": "Average non-coding genomic span",
      "description": "Mean length of all genomic regions",
      "type": "bp"
    }
  },
  {
    "model": "ensembl_metadata.attribute",
    "pk": 33,
    "fields": {
      "name": "nc_average_sequence_length",
      "label": "Average non-coding sequence length",
      "description": "Mean length of all sequences",
      "type": "bp"
    }
  },
  {
    "model": "ensembl_metadata.attribute",
    "pk": 34,
    "fields": {
      "name": "nc_shortest_gene_length",
      "label": "Shortest non-coding gene",
      "description": "Length of shortest gene",
      "type": "bp"
    }
  },
  {
    "model": "ensembl_metadata.attribute",
    "pk": 35,
    "fields": {
      "name": "nc_longest_gene_length",
      "label": "Longest non-coding gene",
      "description": "Length of longest gene",
      "type": "bp"
    }
  },
  {
    "model": "ensembl_metadata.attribute",
    "pk": 36,
    "fields": {
      "name": "nc_total_transcripts",
      "label": "Non-coding transcripts",
      "description": "Total RNA transcript count",
      "type": "integer"
    }
  },
  {
    "model": "ensembl_metadata.attribute",
    "pk": 37,
    "fields": {
      "name": "nc_transcripts_per_gene",
      "label": "Average transcripts per non-coding gene",
      "description": "Mean transcripts count per gene",
      "type": "float"
    }
  },
  {
    "model": "ensembl_metadata.attribute",
    "pk": 38,
    "fields": {
      "name": "nc_total_exons",
      "label": "Exons in non-coding genes",
      "description": "Total exon count",
      "type": "integer"
    }
  },
  {
    "model": "ensembl_metadata.attribute",
    "pk": 39,
    "fields": {
      "name": "nc_average_exon_length",
      "label": "Average exon length per non-coding transcript",
      "description": "Mean exon length",
      "type": "bp"
    }
  },
  {
    "model": "ensembl_metadata.attribute",
    "pk": 40,
    "fields": {
      "name": "nc_average_exons_per_transcript",
      "label": "Average exons per non-coding transcript",
      "description": "Mean exon count per transcript",
      "type": "float"
    }
  },
  {
    "model": "ensembl_metadata.attribute",
    "pk": 41,
    "fields": {
      "name": "nc_total_introns",
      "label": "Introns in non-coding genes",
      "description": "Total intron count",
      "type": "integer"
    }
  },
  {
    "model": "ensembl_metadata.attribute",
    "pk": 42,
    "fields": {
      "name": "nc_average_intron_length",
      "label": "Average intron length per non-coding transcript",
      "description": "Mean intron length",
      "type": "bp"
    }
  },
  {
    "model": "ensembl_metadata.attribute",
    "pk": 43,
    "fields": {
      "name": "ps_pseudogenes",
      "label": "Pseudogenes",
      "description": "Genes which don't code functional protiens",
      "type": "integer"
    }
  },
  {
    "model": "ensembl_metadata.attribute",
    "pk": 44,
    "fields": {
      "name": "ps_average_genomic_span",
      "label": "Average pseudogene genomic span",
      "description": "Mean length of pseudogene regions",
      "type": "bp"
    }
  },
  {
    "model": "ensembl_metadata.attribute",
    "pk": 45,
    "fields": {
      "name": "ps_average_sequence_length",
      "label": "Average pseudogene sequence length",
      "description": "Mean length of pseudogene sequences",
      "type": "bp"
    }
  },
  {
    "model": "ensembl_metadata.attribute",
    "pk": 46,
    "fields": {
      "name": "ps_shortest_gene_length",
      "label": "Shortest pseudogene",
      "description": "Length of shortest pseudogene",
      "type": "bp"
    }
  },
  {
    "model": "ensembl_metadata.attribute",
    "pk": 47,
    "fields": {
      "name": "ps_longest_gene_length",
      "label": "Longest pseudogene",
      "description": "Length of longest pseudogene",
      "type": "bp"
    }
  },
  {
    "model": "ensembl_metadata.attribute",
    "pk": 48,
    "fields": {
      "name": "ps_total_transcripts",
      "label": "Transcripts in pseudogenes",
      "description": "Total pseudogene RNA transcript count",
      "type": "integer"
    }
  },
  {
    "model": "ensembl_metadata.attribute",
    "pk": 49,
    "fields": {
      "name": "ps_transcripts_per_gene",
      "label": "Average transcripts per pseudogene",
      "description": "Mean pseudogene transcripts count per pseudogene",
      "type": "float"
    }
  },
  {
    "model": "ensembl_metadata.attribute",
    "pk": 50,
    "fields": {
      "name": "ps_total_exons",
      "label": "Exons in pseudogenes",
      "description": "Total exon count in pseudogenes",
      "type": "integer"
    }
  },
  {
    "model": "ensembl_metadata.attribute",
    "pk": 51,
    "fields": {
      "name": "ps_average_exon_length",
      "label": "Average exon length per pseudogene",
      "description": "Mean pseudogene exon length",
      "type": "bp"
    }
  },
  {
    "model": "ensembl_metadata.attribute",
    "pk": 52,
    "fields": {
      "name": "ps_average_exons_per_transcript",
      "label": "Average intron length per pseudogene",
      "description": "Mean exon count per pseudogene transcript",
      "type": "float"
    }
  },
  {
    "model": "ensembl_metadata.attribute",
    "pk": 53,
    "fields": {
      "name": "ps_total_introns",
      "label": "Introns in pseudogenes",
      "description": "Total intron count in pseudogenes",
      "type": "integer"
    }
  },
  {
    "model": "ensembl_metadata.attribute",
    "pk": 54,
    "fields": {
      "name": "ps_average_intron_length",
      "label": "Average intron length per pseudogene",
      "description": "Mean pseudogene intron length",
      "type": "bp"
    }
  },
  {
    "model": "ensembl_metadata.attribute",
    "pk": 55,
    "fields": {
      "name": "genes_with_orthologs",
      "label": "Genes with orthologs",
      "description": "Genes with orthologs in other species",
      "type": "integer"
    }
  },
  {
    "model": "ensembl_metadata.attribute",
    "pk": 56,
    "fields": {
      "name": "homology_coverage",
      "label": "Coverage",
      "description": "Percent of genome which is homologous to another species",
      "type": "percent"
    }
  },
  {
    "model": "ensembl_metadata.attribute",
    "pk": 57,
    "fields": {
      "name": "short_variants",
      "label": "Short variants",
      "description": "Small-scale genetic variations",
      "type": "integer"
    }
  },
  {
    "model": "ensembl_metadata.attribute",
    "pk": 58,
    "fields": {
      "name": "structural_variants",
      "label": "Structural variants",
      "description": "Large-scale genetic variations",
      "type": "integer"
    }
  },
  {
    "model": "ensembl_metadata.attribute",
    "pk": 59,
    "fields": {
      "name": "short_variants_with_phenotype_assertions",
      "label": "Short variants\nWith phenotype assertions",
      "description": "Short variants with phenotypic evidence",
      "type": "integer"
    }
  },
  {
    "model": "ensembl_metadata.attribute",
    "pk": 60,
    "fields": {
      "name": "short_variants_with_publications",
      "label": "Short variants\nWith publications",
      "description": "Short variants published in literature",
      "type": "integer"
    }
  },
  {
    "model": "ensembl_metadata.attribute",
    "pk": 61,
    "fields": {
      "name": "short_variants_frequency_studies",
      "label": "Short variants\nFrequency studies",
      "description": "Short variants studied for frequency",
      "type": "integer"
    }
  },
  {
    "model": "ensembl_metadata.attribute",
    "pk": 62,
    "fields": {
      "name": "structural_variants_with_phenotype_assertions",
      "label": "Structural variants\nWith phenotype assertions",
      "description": "Structural variants with phenotypic evidence",
      "type": "integer"
    }
  },
  {
    "model": "ensembl_metadata.attribute",
    "pk": 63,
    "fields": {
      "name": "enhancers",
      "label": "Enhancers",
      "description": "DNA sequences that increase gene expression",
      "type": "integer"
    }
  },
  {
    "model": "ensembl_metadata.attribute",
    "pk": 64,
    "fields": {
      "name": "promoters",
      "label": "Promoters",
      "description": "DNA sequences initiating transcription",
      "type": "integer"
    }
  },
  {
    "model": "ensembl_metadata.attribute",
    "pk": 65,
    "fields": {
      "name": "assembly.accession",
      "label": "assembly accession",
      "description": "assembly accession",
      "type": "string"
    }
  },
  {
    "model": "ensembl_metadata.attribute",
    "pk": 66,
    "fields": {
      "name": "assembly.chromosomes",
      "label": "assembly chromosomes",
      "description": "assembly chromosomes",
      "type": "string"
    }
  },
  {
    "model": "ensembl_metadata.attribute",
    "pk": 67,
    "fields": {
      "name": "assembly.coverage_depth",
      "label": "assembly.coverage_depth",
      "description": "assembly.coverage_depth",
      "type": "string"
    }
  },
  {
    "model": "ensembl_metadata.attribute",
    "pk": 68,
    "fields": {
      "name": "assembly.date",
      "label": "assembly.date",
      "description": "assembly.date",
      "type": "string"
    }
  },
  {
    "model": "ensembl_metadata.attribute",
    "pk": 69,
    "fields": {
      "name": "assembly.default",
      "label": "assembly.default",
      "description": "assembly.default",
      "type": "string"
    }
  },
  {
    "model": "ensembl_metadata.attribute",
    "pk": 70,
    "fields": {
      "name": "assembly.long_name",
      "label": "assembly.long_name",
      "description": "assembly.long_name",
      "type": "string"
    }
  },
  {
    "model": "ensembl_metadata.attribute",
    "pk": 71,
    "fields": {
      "name": "assembly.mapping",
      "label": "assembly.mapping",
      "description": "assembly.mapping",
      "type": "string"
    }
  },
  {
    "model": "ensembl_metadata.attribute",
    "pk": 72,
    "fields": {
      "name": "assembly.name",
      "label": "assembly.name",
      "description": "assembly.name",
      "type": "string"
    }
  },
  {
    "model": "ensembl_metadata.attribute",
    "pk": 73,
    "fields": {
      "name": "assembly.num_toplevel_seqs",
      "label": "assembly.num_toplevel_seqs",
      "description": "assembly.num_toplevel_seqs",
      "type": "string"
    }
  },
  {
    "model": "ensembl_metadata.attribute",
    "pk": 74,
    "fields": {
      "name": "assembly.overlapping_regions",
      "label": "assembly.overlapping_regions",
      "description": "assembly.overlapping_regions",
      "type": "string"
    }
  },
  {
    "model": "ensembl_metadata.attribute",
    "pk": 75,
    "fields": {
      "name": "assembly.prefix",
      "label": "assembly.prefix",
      "description": "assembly.prefix",
      "type": "string"
    }
  },
  {
    "model": "ensembl_metadata.attribute",
    "pk": 76,
    "fields": {
      "name": "assembly.ucsc_alias",
      "label": "assembly.ucsc_alias",
      "description": "assembly.ucsc_alias",
      "type": "string"
    }
  },
  {
    "model": "ensembl_metadata.attribute",
    "pk": 77,
    "fields": {
      "name": "assembly.version",
      "label": "assembly.version",
      "description": "assembly.version",
      "type": "string"
    }
  },
  {
    "model": "ensembl_metadata.attribute",
    "pk": 78,
    "fields": {
      "name": "assembly.web_accession_source",
      "label": "assembly.web_accession_source",
      "description": "assembly.web_accession_source",
      "type": "string"
    }
  },
  {
    "model": "ensembl_metadata.attribute",
    "pk": 79,
    "fields": {
      "name": "assembly.web_accession_type",
      "label": "assembly.web_accession_type",
      "description": "assembly.web_accession_type",
      "type": "string"
    }
  },
  {
    "model": "ensembl_metadata.attribute",
    "pk": 80,
    "fields": {
      "name": "genebuild.havana_datafreeze_date",
      "label": "genebuild.havana_datafreeze_date",
      "description": "genebuild.havana_datafreeze_date",
      "type": "string"
    }
  },
  {
    "model": "ensembl_metadata.attribute",
    "pk": 81,
    "fields": {
      "name": "genebuild.id",
      "label": "genebuild.id",
      "description": "genebuild.id",
      "type": "string"
    }
  },
  {
    "model": "ensembl_metadata.attribute",
    "pk": 82,
    "fields": {
      "name": "genebuild.initial_release_date",
      "label": "genebuild.initial_release_date",
      "description": "genebuild.initial_release_date",
      "type": "string"
    }
  },
  {
    "model": "ensembl_metadata.attribute",
    "pk": 83,
    "fields": {
      "name": "genebuild.last_geneset_update",
      "label": "genebuild.last_geneset_update",
      "description": "genebuild.last_geneset_update",
      "type": "string"
    }
  },
  {
    "model": "ensembl_metadata.attribute",
    "pk": 84,
    "fields": {
      "name": "genebuild.last_otherfeatures_update",
      "label": "genebuild.last_otherfeatures_update",
      "description": "genebuild.last_otherfeatures_update",
      "type": "string"
    }
  },
  {
    "model": "ensembl_metadata.attribute",
    "pk": 85,
    "fields": {
      "name": "genebuild.last_update",
      "label": "genebuild.last_update",
      "description": "genebuild.last_update",
      "type": "string"
    }
  },
  {
    "model": "ensembl_metadata.attribute",
    "pk": 86,
    "fields": {
      "name": "genebuild.method",
      "label": "genebuild.method",
      "description": "genebuild.method",
      "type": "string"
    }
  },
  {
    "model": "ensembl_metadata.attribute",
    "pk": 87,
    "fields": {
      "name": "genebuild.projection_source_db",
      "label": "genebuild.projection_source_db",
      "description": "genebuild.projection_source_db",
      "type": "string"
    }
  },
  {
    "model": "ensembl_metadata.attribute",
    "pk": 88,
    "fields": {
      "name": "genebuild.start_date",
      "label": "genebuild.start_date",
      "description": "genebuild.start_date",
      "type": "string"
    }
  },
  {
    "model": "ensembl_metadata.attribute",
    "pk": 89,
    "fields": {
      "name": "genebuild.vega_merge_db",
      "label": "genebuild.vega_merge_db",
      "description": "genebuild.vega_merge_db",
      "type": "string"
    }
  },
  {
    "model": "ensembl_metadata.attribute",
    "pk": 90,
    "fields": {
      "name": "genebuild.version",
      "label": "genebuild.version",
      "description": "genebuild.version",
      "type": "string"
    }
  },
  {
    "model": "ensembl_metadata.attribute",
    "pk": 91,
    "fields": {
      "name": "genebuild.level",
      "label": "genebuild.level",
      "description": "genebuild.level",
      "type": "string"
    }
  },
  {
    "model": "ensembl_metadata.attribute",
    "pk": 92,
    "fields": {
      "name": "assembly.component_sequences",
      "label": "assembly.component_sequences",
      "description": "assembly.component_sequences",
      "type": "string"
    }
  },
  {
    "model": "ensembl_metadata.attribute",
    "pk": 93,
    "fields": {
      "name": "assembly.contig_n50",
      "label": "assembly.contig_n50",
      "description": "assembly.contig_n50",
      "type": "string"
    }
  },
  {
    "model": "ensembl_metadata.attribute",
    "pk": 94,
    "fields": {
      "name": "genebuild.coding_genes",
      "label": "Coding genes",
      "description": "Genes that code for proteins",
      "type": "integer"
    }
  },
  {
    "model": "ensembl_metadata.attribute",
    "pk": 95,
    "fields": {
      "name": "genebuild.average_cds_length",
      "label": "Average CDS length",
      "description": "Average length of coding sequences",
      "type": "bp"
    }
  },
  {
    "model": "ensembl_metadata.attribute",
    "pk": 96,
    "fields": {
      "name": "genebuild.average_intron_length",
      "label": "Average intron length",
      "description": "Average intron length per coding gene",
      "type": "bp"
    }
  },
  {
    "model": "ensembl_metadata.attribute",
    "pk": 97,
    "fields": {
      "name": "genebuild.longest_gene_length",
      "label": "Longest coding gene",
      "description": "Length of longest gene",
      "type": "bp"
    }
  },
  {
    "model": "ensembl_metadata.attribute",
    "pk": 98,
    "fields": {
      "name": "genebuild.average_coding_exon_length",
      "label": "Average exon length per coding gene",
      "description": "Average length of coding exons",
      "type": "bp"
    }
  },
  {
    "model": "ensembl_metadata.attribute",
    "pk": 99,
    "fields": {
      "name": "genebuild.average_sequence_legth",
      "label": "Average Sequence length",
      "description": "Average sequence length",
      "type": "bp"
    }
  },
  {
    "model": "ensembl_metadata.attribute",
    "pk": 100,
    "fields": {
      "name": "genebuild.coding_transcripts",
      "label": "Coding transcripts",
      "description": "Transcripts that code for proteins",
      "type": "integer"
    }
  },
  {
    "model": "ensembl_metadata.attribute",
    "pk": 101,
    "fields": {
      "name": "genebuild.average_coding_exons_per_coding_transcript",
      "label": "Average coding exons per transcript",
      "description": "Average coding exons per coding transcript",
      "type": "float"
    }
  },
  {
    "model": "ensembl_metadata.attribute",
    "pk": 102,
    "fields": {
      "name": "genebuild.total_transcripts",
      "label": "Transcripts in coding genes",
      "description": "Total number of RNA transcripts",
      "type": "integer"
    }
  },
  {
    "model": "ensembl_metadata.attribute",
    "pk": 103,
    "fields": {
      "name": "genebuild.total_coding_exons",
      "label": "Exons in coding genes",
      "description": "Total number of coding exons",
      "type": "integer"
    }
  },
  {
    "model": "ensembl_metadata.attribute",
    "pk": 104,
    "fields": {
      "name": "genebuild.average_coding_exons_per_transcript",
      "label": "Average coding exons per transcript",
      "description": "Average coding exons per transcript",
      "type": "float"
    }
  },
  {
    "model": "ensembl_metadata.attribute",
    "pk": 105,
    "fields": {
      "name": "genebuild.total_introns",
      "label": "Introns in coding genes",
      "description": "Total number of introns",
      "type": "integer"
    }
  },
  {
    "model": "ensembl_metadata.attribute",
    "pk": 106,
    "fields": {
      "name": "genebuild.transcripts_per_gene",
      "label": "Average transcripts per coding gene",
      "description": "Average number of transcripts per gene",
      "type": "float"
    }
  },
  {
    "model": "ensembl_metadata.attribute",
    "pk": 107,
    "fields": {
      "name": "genebuild.average_exon_length",
      "label": "Average exon length",
      "description": "Average length of exons",
      "type": "bp"
    }
  },
  {
    "model": "ensembl_metadata.attribute",
    "pk": 108,
    "fields": {
      "name": "genebuild.coding_transcripts_per_gene",
      "label": "Average coding transcripts per gene",
      "description": "Average coding transcripts per gene",
      "type": "float"
    }
  },
  {
    "model": "ensembl_metadata.attribute",
    "pk": 109,
    "fields": {
      "name": "genebuild.nc_total_introns",
      "label": "Introns in non-coding genes",
      "description": "Total intron count",
      "type": "integer"
    }
  },
  {
    "model": "ensembl_metadata.attribute",
    "pk": 110,
    "fields": {
      "name": "genebuild.nc_average_genomic_span",
      "label": "Average non-coding genomic span",
      "description": "Mean length of all genomic regions",
      "type": "bp"
    }
  },
  {
    "model": "ensembl_metadata.attribute",
    "pk": 111,
    "fields": {
      "name": "genebuild.nc_total_transcripts",
      "label": "Non-coding transcripts",
      "description": "Total RNA transcript count",
      "type": "integer"
    }
  },
  {
    "model": "ensembl_metadata.attribute",
    "pk": 112,
    "fields": {
      "name": "genebuild.nc_small_non_coding_genes",
      "label": "Small non-coding genes",
      "description": "Small genes not coding for proteins",
      "type": "integer"
    }
  },
  {
    "model": "ensembl_metadata.attribute",
    "pk": 113,
    "fields": {
      "name": "genebuild.nc_average_intron_length",
      "label": "Average intron length per non-coding transcript",
      "description": "Mean intron length",
      "type": "bp"
    }
  },
  {
    "model": "ensembl_metadata.attribute",
    "pk": 114,
    "fields": {
      "name": "genebuild.nc_average_exon_length",
      "label": "Average exon length per non-coding transcript",
      "description": "Mean exon length",
      "type": "bp"
    }
  },
  {
    "model": "ensembl_metadata.attribute",
    "pk": 115,
    "fields": {
      "name": "genenbuild.nc_total_exons",
      "label": "Exons in non-coding genes",
      "description": "Total exon count",
      "type": "integer"
    }
  },
  {
    "model": "ensembl_metadata.attribute",
    "pk": 116,
    "fields": {
      "name": "genebuild.nc_longest_gene_length",
      "label": "Longest non-coding gene",
      "description": "Length of longest gene",
      "type": "bp"
    }
  },
  {
    "model": "ensembl_metadata.attribute",
    "pk": 117,
    "fields": {
      "name": "genebuild.nc_transcripts_per_gene",
      "label": "Average transcripts per non-coding gene",
      "description": "Mean transcripts count per gene",
      "type": "float"
    }
  },
  {
    "model": "ensembl_metadata.attribute",
    "pk": 118,
    "fields": {
      "name": "genebuild.nc_shortest_gene_length",
      "label": "Shortest non-coding gene",
      "description": "Length of shortest gene",
      "type": "bp"
    }
  },
  {
    "model": "ensembl_metadata.attribute",
    "pk": 119,
    "fields": {
      "name": "genebuild.nc_non_coding_genes",
      "label": "Non-coding genes",
      "description": "Genes that dont code for proteins",
      "type": "integer"
    }
  },
  {
    "model": "ensembl_metadata.attribute",
    "pk": 120,
    "fields": {
      "name": "genebuild.nc_long_non_coding_genes",
      "label": "Long non-coding genes",
      "description": "Long genes not coding for proteins",
      "type": "integer"
    }
  },
  {
    "model": "ensembl_metadata.attribute",
    "pk": 121,
    "fields": {
      "name": "genebuild.nc_average_exons_per_transcript",
      "label": "Average exons per non-coding transcript",
      "description": "Mean exon count per transcript",
      "type": "float"
    }
  },
  {
    "model": "ensembl_metadata.attribute",
    "pk": 122,
    "fields": {
      "name": "genebuild.nc_misc_non_coding_genes",
      "label": "Misc. non-coding genes",
      "description": "Miscellaneous non-coding genes",
      "type": "integer"
    }
  },
  {
    "model": "ensembl_metadata.attribute",
    "pk": 123,
    "fields": {
      "name": "genebuild.nc_average_sequence_length",
      "label": "Average non-coding sequence length",
      "description": "Mean length of all sequences",
      "type": "bp"
    }
  },
  {
    "model": "ensembl_metadata.attribute",
    "pk": 124,
    "fields": {
      "name": "genebuild.ps_shortest_gene_length",
      "label": "Shortest pseudogene",
      "description": "Length of shortest pseudogene",
      "type": "bp"
    }
  },
  {
    "model": "ensembl_metadata.attribute",
    "pk": 125,
    "fields": {
      "name": "genebuild.ps_average_sequence_length",
      "label": "Average pseudogene sequence length",
      "description": "Mean length of pseudogene sequences",
      "type": "bp"
    }
  },
  {
    "model": "ensembl_metadata.attribute",
    "pk": 126,
    "fields": {
      "name": "genebuild.ps_total_introns",
      "label": "Introns in pseudogenes",
      "description": "Total intron count in pseudogenes",
      "type": "integer"
    }
  },
  {
    "model": "ensembl_metadata.attribute",
    "pk": 127,
    "fields": {
      "name": "genebuild.ps_average_exons_per_transcript",
      "label": "Average intron length per pseudogene",
      "description": "Mean exon count per pseudogene transcript",
      "type": "float"
    }
  },
  {
    "model": "ensembl_metadata.attribute",
    "pk": 128,
    "fields": {
      "name": "genebuild.ps_total_transcripts",
      "label": "Transcripts in pseudogenes",
      "description": "Total pseudogene RNA transcript count",
      "type": "integer"
    }
  },
  {
    "model": "ensembl_metadata.attribute",
    "pk": 129,
    "fields": {
      "name": "genebuild.ps_longest_gene_length",
      "label": "Longest pseudogene",
      "description": "Length of longest pseudogene",
      "type": "bp"
    }
  },
  {
    "model": "ensembl_metadata.attribute",
    "pk": 130,
    "fields": {
      "name": "genebuild.ps_total_exons",
      "label": "Exons in pseudogenes",
      "description": "Total exon count in pseudogenes",
      "type": "integer"
    }
  },
  {
    "model": "ensembl_metadata.attribute",
    "pk": 131,
    "fields": {
      "name": "genebuild.ps_average_genomic_span",
      "label": "Average pseudogene genomic span",
      "description": "Mean length of pseudogene regions",
      "type": "bp"
    }
  },
  {
    "model": "ensembl_metadata.attribute",
    "pk": 132,
    "fields": {
      "name": "genebuild.ps_pseudogenes",
      "label": "Pseudogenes",
      "description": "Genes which dont code functional protiens",
      "type": "integer"
    }
  },
  {
    "model": "ensembl_metadata.attribute",
    "pk": 133,
    "fields": {
      "name": "genebuild.ps_average_intron_length",
      "label": "Average intron length per pseudogene",
      "description": "Mean pseudogene intron length",
      "type": "bp"
    }
  },
  {
    "model": "ensembl_metadata.attribute",
    "pk": 134,
    "fields": {
      "name": "genebuild.ps_average_exon_length",
      "label": "Average exon length per pseudogene",
      "description": "Mean pseudogene exon length",
      "type": "bp"
    }
  },
  {
    "model": "ensembl_metadata.attribute",
    "pk": 135,
    "fields": {
      "name": "genebuild.ps_transcripts_per_gene",
      "label": "Average transcripts per pseudogene",
      "description": "Mean pseudogene transcripts count per pseudogene",
      "type": "float"
    }
  },
  {
    "model": "ensembl_metadata.attribute",
    "pk": 136,
    "fields": {
      "name": "assembly.total_coding_sequence_length",
      "label": "Total coding sequence length",
      "description": "Total length of all coding sequences",
      "type": "bp"
    }
  },
  {
    "model": "ensembl_metadata.attribute",
    "pk": 137,
    "fields": {
      "name": "assembly.total_genome_length",
      "label": "Total genome length",
      "description": "Total length of all genomic sequences",
      "type": "bp"
    }
  },
  {
    "model": "ensembl_metadata.attribute",
    "pk": 139,
    "fields": {
      "name": "assembly.total_gap_length",
      "label": "Total gap length",
      "description": "Total length of all gaps in a genome assembly",
      "type": "bp"
    }
  },
  {
    "model": "ensembl_metadata.attribute",
    "pk": 140,
    "fields": {
      "name": "assembly.spanned_gaps",
      "label": "Spanned gaps",
      "description": "Number of gaps covered by sequencing reads",
      "type": "integer"
    }
  },
  {
    "model": "ensembl_metadata.attribute",
    "pk": 141,
    "fields": {
      "name": "assembly.toplevel_sequences",
      "label": "Top level sequences",
      "description": "Primary sequences in a genome assembly",
      "type": "integer"
    }
  },
  {
    "model": "ensembl_metadata.attribute",
    "pk": 144,
    "fields": {
      "name": "assembly.gc_percentage",
      "label": "assembly.gc_percentage",
      "description": "assembly.gc_percentage",
      "type": "percent"
    }
  },
  {
    "model": "ensembl_metadata.attribute",
    "pk": 145,
    "fields": {
      "name": "assembly.level",
      "label": "assembly.level",
      "description": "assembly.level",
      "type": "string"
    }
  },
  {
    "model": "ensembl_metadata.attribute",
    "pk": 146,
    "fields": {
      "name": "assembly.provider_name",
      "label": "assembly.provider_name",
      "description": "assembly.provider_name",
      "type": "string"
    }
  },
  {
    "model": "ensembl_metadata.attribute",
    "pk": 147,
    "fields": {
      "name": "assembly.provider_url",
      "label": "assembly.provider_url",
      "description": "assembly.provider_url",
      "type": "string"
    }
  },
  {
    "model": "ensembl_metadata.attribute",
    "pk": 148,
    "fields": {
      "name": "assembly.tolid",
      "label": "assembly.tolid",
      "description": "assembly.tolid",
      "type": "string"
    }
  },
  {
    "model": "ensembl_metadata.attribute",
    "pk": 149,
    "fields": {
      "name": "genebuild.average_coding_exons_per_codin",
      "label": "genebuild.average_coding_exons_per_codin",
      "description": "genebuild.average_coding_exons_per_codin",
      "type": "float"
    }
  },
  {
    "model": "ensembl_metadata.attribute",
    "pk": 150,
    "fields": {
      "name": "genebuild.average_coding_exons_per_trans",
      "label": "genebuild.average_coding_exons_per_trans",
      "description": "genebuild.average_coding_exons_per_trans",
      "type": "float"
    }
  },
  {
    "model": "ensembl_metadata.attribute",
    "pk": 151,
    "fields": {
      "name": "genebuild.average_genomic_span",
      "label": "genebuild.average_genomic_span",
      "description": "genebuild.average_genomic_span",
      "type": "float"
    }
  },
  {
    "model": "ensembl_metadata.attribute",
    "pk": 152,
    "fields": {
      "name": "genebuild.nc_average_exons_per_transcrip",
      "label": "genebuild.nc_average_exons_per_transcrip",
      "description": "genebuild.nc_average_exons_per_transcrip",
      "type": "float"
    }
  },
  {
    "model": "ensembl_metadata.attribute",
    "pk": 153,
    "fields": {
      "name": "genebuild.ps_average_exons_per_transcrip",
      "label": "genebuild.ps_average_exons_per_transcrip",
      "description": "genebuild.ps_average_exons_per_transcrip",
      "type": "float"
    }
  },
  {
    "model": "ensembl_metadata.attribute",
    "pk": 154,
    "fields": {
      "name": "genebuild.shortest_gene_length",
      "label": "genebuild.shortest_gene_length",
      "description": "genebuild.shortest_gene_length",
      "type": "integer"
    }
  },
  {
    "model": "ensembl_metadata.attribute",
    "pk": 155,
    "fields": {
      "name": "genebuild.total_exons",
      "label": "genebuild.total_exons",
      "description": "genebuild.total_exons",
      "type": "integer"
    }
  },
  {
    "model": "ensembl_metadata.attribute",
    "pk": 156,
    "fields": {
      "name": "sample.gene_param",
      "label": "sample.gene_param",
      "description": "sample.gene_param",
      "type": "string"
    }
  },
  {
    "model": "ensembl_metadata.attribute",
    "pk": 157,
    "fields": {
      "name": "sample.location_param",
      "label": "sample.location_param",
      "description": "sample.location_param",
      "type": "string"
    }
  },
  {
    "model": "ensembl_metadata.attribute",
    "pk": 158,
    "fields": {
      "name": "genebuild.hash",
      "label": "genebuild.hash",
      "description": "genebuild.hash",
      "type": "string"
    }
  },
  {
    "model": "ensembl_metadata.attribute",
    "pk": 159,
    "fields": {
      "name": "genebuild.method_display",
      "label": "genebuild.method_display",
      "description": "genebuild.method_display",
      "type": "string"
    }
  },
  {
    "model": "ensembl_metadata.attribute",
    "pk": 160,
    "fields": {
      "name": "genebuild.bla",
      "label": "genebuild.bla",
      "description": "genebuild.bla",
      "type": "string"
    }
  },
  {
    "model": "ensembl_metadata.datasetattribute",
    "pk": 1,
    "fields": {
      "value": "GCA_016699485.1",
      "attribute": 65,
      "dataset": 1
    }
  },
  {
    "model": "ensembl_metadata.datasetattribute",
    "pk": 2,
    "fields": {
      "value": "42",
      "attribute": 66,
      "dataset": 1
    }
  },
  {
    "model": "ensembl_metadata.datasetattribute",
    "pk": 3,
    "fields": {
      "value": "677",
      "attribute": 92,
      "dataset": 1
    }
  },
  {
    "model": "ensembl_metadata.datasetattribute",
    "pk": 4,
    "fields": {
      "value": "18834961",
      "attribute": 93,
      "dataset": 1
    }
  },
  {
    "model": "ensembl_metadata.datasetattribute",
    "pk": 5,
    "fields": {
      "value": "high",
      "attribute": 67,
      "dataset": 1
    }
  },
  {
    "model": "ensembl_metadata.datasetattribute",
    "pk": 6,
    "fields": {
      "value": "2021-01",
      "attribute": 68,
      "dataset": 1
    }
  },
  {
    "model": "ensembl_metadata.datasetattribute",
    "pk": 7,
    "fields": {
      "value": "bGalGal1.mat.broiler.GRCg7b",
      "attribute": 69,
      "dataset": 1
    }
  },
  {
    "model": "ensembl_metadata.datasetattribute",
    "pk": 8,
    "fields": {
      "value": "42.07",
      "attribute": 144,
      "dataset": 1
    }
  },
  {
    "model": "ensembl_metadata.datasetattribute",
    "pk": 9,
    "fields": {
      "value": "chromosome",
      "attribute": 145,
      "dataset": 1
    }
  },
  {
    "model": "ensembl_metadata.datasetattribute",
    "pk": 10,
    "fields": {
      "value": "bGalGal1.mat.broiler.GRCg7b",
      "attribute": 72,
      "dataset": 1
    }
  },
  {
    "model": "ensembl_metadata.datasetattribute",
    "pk": 11,
    "fields": {
      "value": "",
      "attribute": 146,
      "dataset": 1
    }
  },
  {
    "model": "ensembl_metadata.datasetattribute",
    "pk": 12,
    "fields": {
      "value": "",
      "attribute": 147,
      "dataset": 1
    }
  },
  {
    "model": "ensembl_metadata.datasetattribute",
    "pk": 13,
    "fields": {
      "value": "463",
      "attribute": 140,
      "dataset": 1
    }
  },
  {
    "model": "ensembl_metadata.datasetattribute",
    "pk": 14,
    "fields": {
      "value": "NULL",
      "attribute": 148,
      "dataset": 1
    }
  },
  {
    "model": "ensembl_metadata.datasetattribute",
    "pk": 15,
    "fields": {
      "value": "214",
      "attribute": 141,
      "dataset": 1
    }
  },
  {
    "model": "ensembl_metadata.datasetattribute",
    "pk": 16,
    "fields": {
      "value": "30000483",
      "attribute": 136,
      "dataset": 1
    }
  },
  {
    "model": "ensembl_metadata.datasetattribute",
    "pk": 17,
    "fields": {
      "value": "3383918",
      "attribute": 139,
      "dataset": 1
    }
  },
  {
    "model": "ensembl_metadata.datasetattribute",
    "pk": 18,
    "fields": {
      "value": "1053332251",
      "attribute": 137,
      "dataset": 1
    }
  },
  {
    "model": "ensembl_metadata.datasetattribute",
    "pk": 19,
    "fields": {
      "value": "NULL",
      "attribute": 76,
      "dataset": 1
    }
  },
  {
    "model": "ensembl_metadata.datasetattribute",
    "pk": 20,
    "fields": {
      "value": "NCBI",
      "attribute": 78,
      "dataset": 1
    }
  },
  {
    "model": "ensembl_metadata.datasetattribute",
    "pk": 21,
    "fields": {
      "value": "INSDC Assembly ID",
      "attribute": 79,
      "dataset": 1
    }
  },
  {
    "model": "ensembl_metadata.datasetattribute",
    "pk": 22,
    "fields": {
      "value": "1927.70",
      "attribute": 95,
      "dataset": 2
    }
  },
  {
    "model": "ensembl_metadata.datasetattribute",
    "pk": 23,
    "fields": {
      "value": "11.75",
      "attribute": 149,
      "dataset": 2
    }
  },
  {
    "model": "ensembl_metadata.datasetattribute",
    "pk": 24,
    "fields": {
      "value": "12.41",
      "attribute": 150,
      "dataset": 2
    }
  },
  {
    "model": "ensembl_metadata.datasetattribute",
    "pk": 25,
    "fields": {
      "value": "164.01",
      "attribute": 98,
      "dataset": 2
    }
  },
  {
    "model": "ensembl_metadata.datasetattribute",
    "pk": 26,
    "fields": {
      "value": "274.15",
      "attribute": 107,
      "dataset": 2
    }
  },
  {
    "model": "ensembl_metadata.datasetattribute",
    "pk": 27,
    "fields": {
      "value": "34498.09",
      "attribute": 151,
      "dataset": 2
    }
  },
  {
    "model": "ensembl_metadata.datasetattribute",
    "pk": 28,
    "fields": {
      "value": "3514.62",
      "attribute": 96,
      "dataset": 2
    }
  },
  {
    "model": "ensembl_metadata.datasetattribute",
    "pk": 29,
    "fields": {
      "value": "3115.72",
      "attribute": 99,
      "dataset": 2
    }
  },
  {
    "model": "ensembl_metadata.datasetattribute",
    "pk": 30,
    "fields": {
      "value": "585858",
      "attribute": 160,
      "dataset": 2
    }
  },
  {
    "model": "ensembl_metadata.datasetattribute",
    "pk": 31,
    "fields": {
      "value": "17007",
      "attribute": 94,
      "dataset": 2
    }
  },
  {
    "model": "ensembl_metadata.datasetattribute",
    "pk": 32,
    "fields": {
      "value": "44876",
      "attribute": 100,
      "dataset": 2
    }
  },
  {
    "model": "ensembl_metadata.datasetattribute",
    "pk": 33,
    "fields": {
      "value": "2.64",
      "attribute": 108,
      "dataset": 2
    }
  },
  {
    "model": "ensembl_metadata.datasetattribute",
    "pk": 34,
    "fields": {
      "value": "32",
      "attribute": 81,
      "dataset": 2
    }
  },
  {
    "model": "ensembl_metadata.datasetattribute",
    "pk": 35,
    "fields": {
      "value": "",
      "attribute": 82,
      "dataset": 2
    }
  },
  {
    "model": "ensembl_metadata.datasetattribute",
    "pk": 36,
    "fields": {
      "value": "2022-01",
      "attribute": 83,
      "dataset": 2
    }
  },
  {
    "model": "ensembl_metadata.datasetattribute",
    "pk": 37,
    "fields": {
      "value": "toplevel",
      "attribute": 91,
      "dataset": 2
    }
  },
  {
    "model": "ensembl_metadata.datasetattribute",
    "pk": 38,
    "fields": {
      "value": "1163755",
      "attribute": 97,
      "dataset": 2
    }
  },
  {
    "model": "ensembl_metadata.datasetattribute",
    "pk": 39,
    "fields": {
      "value": "full_genebuild",
      "attribute": 86,
      "dataset": 2
    }
  },
  {
    "model": "ensembl_metadata.datasetattribute",
    "pk": 40,
    "fields": {
      "value": "3.17",
      "attribute": 152,
      "dataset": 2
    }
  },
  {
    "model": "ensembl_metadata.datasetattribute",
    "pk": 41,
    "fields": {
      "value": "762.53",
      "attribute": 114,
      "dataset": 2
    }
  },
  {
    "model": "ensembl_metadata.datasetattribute",
    "pk": 42,
    "fields": {
      "value": "20893.28",
      "attribute": 110,
      "dataset": 2
    }
  },
  {
    "model": "ensembl_metadata.datasetattribute",
    "pk": 43,
    "fields": {
      "value": "7993.59",
      "attribute": 113,
      "dataset": 2
    }
  },
  {
    "model": "ensembl_metadata.datasetattribute",
    "pk": 44,
    "fields": {
      "value": "2601.18",
      "attribute": 123,
      "dataset": 2
    }
  },
  {
    "model": "ensembl_metadata.datasetattribute",
    "pk": 45,
    "fields": {
      "value": "960062",
      "attribute": 116,
      "dataset": 2
    }
  },
  {
    "model": "ensembl_metadata.datasetattribute",
    "pk": 46,
    "fields": {
      "value": "11946",
      "attribute": 120,
      "dataset": 2
    }
  },
  {
    "model": "ensembl_metadata.datasetattribute",
    "pk": 47,
    "fields": {
      "value": "5",
      "attribute": 122,
      "dataset": 2
    }
  },
  {
    "model": "ensembl_metadata.datasetattribute",
    "pk": 48,
    "fields": {
      "value": "13040",
      "attribute": 119,
      "dataset": 2
    }
  },
  {
    "model": "ensembl_metadata.datasetattribute",
    "pk": 49,
    "fields": {
      "value": "45",
      "attribute": 118,
      "dataset": 2
    }
  },
  {
    "model": "ensembl_metadata.datasetattribute",
    "pk": 50,
    "fields": {
      "value": "1089",
      "attribute": 112,
      "dataset": 2
    }
  },
  {
    "model": "ensembl_metadata.datasetattribute",
    "pk": 51,
    "fields": {
      "value": "60233",
      "attribute": 109,
      "dataset": 2
    }
  },
  {
    "model": "ensembl_metadata.datasetattribute",
    "pk": 52,
    "fields": {
      "value": "27752",
      "attribute": 111,
      "dataset": 2
    }
  },
  {
    "model": "ensembl_metadata.datasetattribute",
    "pk": 53,
    "fields": {
      "value": "2.13",
      "attribute": 117,
      "dataset": 2
    }
  },
  {
    "model": "ensembl_metadata.datasetattribute",
    "pk": 54,
    "fields": {
      "value": "homo_sapiens_core_104_38",
      "attribute": 87,
      "dataset": 2
    }
  },
  {
    "model": "ensembl_metadata.datasetattribute",
    "pk": 55,
    "fields": {
      "value": "2.92",
      "attribute": 153,
      "dataset": 2
    }
  },
  {
    "model": "ensembl_metadata.datasetattribute",
    "pk": 56,
    "fields": {
      "value": "349.96",
      "attribute": 134,
      "dataset": 2
    }
  },
  {
    "model": "ensembl_metadata.datasetattribute",
    "pk": 57,
    "fields": {
      "value": "1425.23",
      "attribute": 131,
      "dataset": 2
    }
  },
  {
    "model": "ensembl_metadata.datasetattribute",
    "pk": 58,
    "fields": {
      "value": "210.65",
      "attribute": 133,
      "dataset": 2
    }
  },
  {
    "model": "ensembl_metadata.datasetattribute",
    "pk": 59,
    "fields": {
      "value": "1021.20",
      "attribute": 125,
      "dataset": 2
    }
  },
  {
    "model": "ensembl_metadata.datasetattribute",
    "pk": 60,
    "fields": {
      "value": "21337",
      "attribute": 129,
      "dataset": 2
    }
  },
  {
    "model": "ensembl_metadata.datasetattribute",
    "pk": 61,
    "fields": {
      "value": "61",
      "attribute": 132,
      "dataset": 2
    }
  },
  {
    "model": "ensembl_metadata.datasetattribute",
    "pk": 62,
    "fields": {
      "value": "145",
      "attribute": 124,
      "dataset": 2
    }
  },
  {
    "model": "ensembl_metadata.datasetattribute",
    "pk": 63,
    "fields": {
      "value": "178",
      "attribute": 130,
      "dataset": 2
    }
  },
  {
    "model": "ensembl_metadata.datasetattribute",
    "pk": 64,
    "fields": {
      "value": "117",
      "attribute": 126,
      "dataset": 2
    }
  },
  {
    "model": "ensembl_metadata.datasetattribute",
    "pk": 65,
    "fields": {
      "value": "61",
      "attribute": 128,
      "dataset": 2
    }
  },
  {
    "model": "ensembl_metadata.datasetattribute",
    "pk": 66,
    "fields": {
      "value": "1.00",
      "attribute": 135,
      "dataset": 2
    }
  },
  {
    "model": "ensembl_metadata.datasetattribute",
    "pk": 67,
    "fields": {
      "value": "78",
      "attribute": 154,
      "dataset": 2
    }
  },
  {
    "model": "ensembl_metadata.datasetattribute",
    "pk": 68,
    "fields": {
      "value": "2021-09-Ensembl",
      "attribute": 88,
      "dataset": 2
    }
  },
  {
    "model": "ensembl_metadata.datasetattribute",
    "pk": 69,
    "fields": {
      "value": "527464",
      "attribute": 103,
      "dataset": 2
    }
  },
  {
    "model": "ensembl_metadata.datasetattribute",
    "pk": 70,
    "fields": {
      "value": "557034",
      "attribute": 155,
      "dataset": 2
    }
  },
  {
    "model": "ensembl_metadata.datasetattribute",
    "pk": 71,
    "fields": {
      "value": "512158",
      "attribute": 105,
      "dataset": 2
    }
  },
  {
    "model": "ensembl_metadata.datasetattribute",
    "pk": 72,
    "fields": {
      "value": "44876",
      "attribute": 102,
      "dataset": 2
    }
  },
  {
    "model": "ensembl_metadata.datasetattribute",
    "pk": 73,
    "fields": {
      "value": "2.64",
      "attribute": 106,
      "dataset": 2
    }
  },
  {
    "model": "ensembl_metadata.datasetattribute",
    "pk": 74,
    "fields": {
      "value": "ENS01",
      "attribute": 90,
      "dataset": 2
    }
  },
  {
    "model": "ensembl_metadata.datasetattribute",
    "pk": 75,
    "fields": {
      "value": "ENSGALG00010005211",
      "attribute": 156,
      "dataset": 2
    }
  },
  {
    "model": "ensembl_metadata.datasetattribute",
    "pk": 76,
    "fields": {
      "value": "5:38111022-38265293",
      "attribute": 157,
      "dataset": 2
    }
  },
  {
    "model": "ensembl_metadata.datasetattribute",
    "pk": 77,
    "fields": {
      "value": "GCA_000001405.14",
      "attribute": 65,
      "dataset": 5
    }
  },
  {
    "model": "ensembl_metadata.datasetattribute",
    "pk": 78,
    "fields": {
      "value": "high",
      "attribute": 67,
      "dataset": 5
    }
  },
  {
    "model": "ensembl_metadata.datasetattribute",
    "pk": 79,
    "fields": {
      "value": "2009-02",
      "attribute": 68,
      "dataset": 5
    }
  },
  {
    "model": "ensembl_metadata.datasetattribute",
    "pk": 80,
    "fields": {
      "value": "GRCh37",
      "attribute": 69,
      "dataset": 5
    }
  },
  {
    "model": "ensembl_metadata.datasetattribute",
    "pk": 81,
    "fields": {
      "value": "Genome Reference Consortium Human Reference 37",
      "attribute": 70,
      "dataset": 5
    }
  },
  {
    "model": "ensembl_metadata.datasetattribute",
    "pk": 82,
    "fields": {
      "value": "supercontig:GRCh37#contig#clone",
      "attribute": 71,
      "dataset": 5
    }
  },
  {
    "model": "ensembl_metadata.datasetattribute",
    "pk": 83,
    "fields": {
      "value": "GRCh37.p13",
      "attribute": 72,
      "dataset": 5
    }
  },
  {
    "model": "ensembl_metadata.datasetattribute",
    "pk": 84,
    "fields": {
      "value": "",
      "attribute": 146,
      "dataset": 5
    }
  },
  {
    "model": "ensembl_metadata.datasetattribute",
    "pk": 85,
    "fields": {
      "value": "",
      "attribute": 147,
      "dataset": 5
    }
  },
  {
    "model": "ensembl_metadata.datasetattribute",
    "pk": 86,
    "fields": {
      "value": "hg19",
      "attribute": 76,
      "dataset": 5
    }
  },
  {
    "model": "ensembl_metadata.datasetattribute",
    "pk": 87,
    "fields": {
      "value": "NCBI",
      "attribute": 78,
      "dataset": 5
    }
  },
  {
    "model": "ensembl_metadata.datasetattribute",
    "pk": 88,
    "fields": {
      "value": "GenBank Assembly ID",
      "attribute": 79,
      "dataset": 5
    }
  },
  {
    "model": "ensembl_metadata.datasetattribute",
    "pk": 89,
    "fields": {
      "value": "2013-07-22",
      "attribute": 80,
      "dataset": 6
    }
  },
  {
    "model": "ensembl_metadata.datasetattribute",
    "pk": 90,
    "fields": {
      "value": "39",
      "attribute": 81,
      "dataset": 6
    }
  },
  {
    "model": "ensembl_metadata.datasetattribute",
    "pk": 91,
    "fields": {
      "value": "2011-04",
      "attribute": 82,
      "dataset": 6
    }
  },
  {
    "model": "ensembl_metadata.datasetattribute",
    "pk": 92,
    "fields": {
      "value": "2013-09",
      "attribute": 83,
      "dataset": 6
    }
  },
  {
    "model": "ensembl_metadata.datasetattribute",
    "pk": 93,
    "fields": {
      "value": "toplevel",
      "attribute": 91,
      "dataset": 6
    }
  },
  {
    "model": "ensembl_metadata.datasetattribute",
    "pk": 94,
    "fields": {
      "value": "full_genebuild",
      "attribute": 86,
      "dataset": 6
    }
  },
  {
    "model": "ensembl_metadata.datasetattribute",
    "pk": 95,
    "fields": {
      "value": "2010-07-Ensembl",
      "attribute": 88,
      "dataset": 6
    }
  },
  {
    "model": "ensembl_metadata.datasetattribute",
    "pk": 96,
    "fields": {
      "value": "1",
      "attribute": 90,
      "dataset": 6
    }
  },
  {
    "model": "ensembl_metadata.datasetattribute",
    "pk": 97,
    "fields": {
      "value": "ENSG00000139618",
      "attribute": 156,
      "dataset": 6
    }
  },
  {
    "model": "ensembl_metadata.datasetattribute",
    "pk": 98,
    "fields": {
      "value": "17:64155265-64255266",
      "attribute": 157,
      "dataset": 6
    }
  },
  {
    "model": "ensembl_metadata.dataset",
    "pk": 1,
    "fields": {
      "dataset_uuid": "8ce01799-dabe-4d0f-b0ad-1bbd95d59f8e",
      "dataset_type": 1,
      "name": "assembly",
      "version": null,
      "created": "2023-09-12T21:08:13Z",
      "dataset_source": 1,
      "label": "GCA_016699485.1",
      "status": "Submitted"
    }
  },
  {
    "model": "ensembl_metadata.dataset",
    "pk": 2,
    "fields": {
      "dataset_uuid": "97c27764-71e7-44a3-a4a6-67e491ceaf53",
      "dataset_type": 2,
      "name": "genebuild",
      "version": "ENS01",
      "created": "2023-09-12T21:08:13Z",
      "dataset_source": 1,
      "label": "GCA_016699485.1_ENS01",
      "status": "Submitted"
    }
  },
  {
    "model": "ensembl_metadata.dataset",
    "pk": 5,
    "fields": {
      "dataset_uuid": "18bd4cd0-4a15-4943-a8b9-99a78338f380",
      "dataset_type": 1,
      "name": "assembly",
      "version": null,
      "created": "2023-09-13T00:11:19Z",
      "dataset_source": 3,
      "label": "GCA_000001405.14",
      "status": "Submitted"
    }
  },
  {
    "model": "ensembl_metadata.dataset",
    "pk": 6,
    "fields": {
      "dataset_uuid": "73acb629-e859-458d-a719-1be9ca1d7730",
      "dataset_type": 2,
      "name": "genebuild",
      "version": "1",
      "created": "2023-09-13T00:11:19Z",
      "dataset_source": 3,
      "label": "GCA_000001405.14_1",
      "status": "Submitted"
    }
  },
  {
    "model": "ensembl_metadata.datasetsource",
    "pk": 1,
    "fields": {
      "type": "core",
      "name": "gallus_gallus_core_110_7"
    }
  },
  {
    "model": "ensembl_metadata.datasetsource",
    "pk": 3,
    "fields": {
      "type": "core",
      "name": "homo_sapiens_37_core_110_37"
    }
  },
  {
    "model": "ensembl_metadata.datasettype",
    "pk": 1,
    "fields": {
      "name": "assembly",
      "label": "Genomic assembly",
      "topic": "Core Annotation",
      "description": "Compilation of sequences for a genome",
      "details_uri": null
    }
  },
  {
    "model": "ensembl_metadata.datasettype",
    "pk": 2,
    "fields": {
      "name": "genebuild",
      "label": "Genomic Build",
      "topic": "Core Annotation",
      "description": "Genomic annotations for an assembly",
      "details_uri": null
    }
  },
  {
    "model": "ensembl_metadata.datasettype",
    "pk": 3,
    "fields": {
      "name": "variation",
      "label": "Variations",
      "topic": "Variation Annotation",
      "description": null,
      "details_uri": null
    }
  },
  {
    "model": "ensembl_metadata.datasettype",
    "pk": 4,
    "fields": {
      "name": "evidence",
      "label": "Variation Evidence",
      "topic": "Variation Annotation",
      "description": null,
      "details_uri": null
    }
  },
  {
    "model": "ensembl_metadata.datasettype",
    "pk": 5,
    "fields": {
      "name": "regulation_build",
      "label": "Regulations",
      "topic": "Regulatory Annotation",
      "description": null,
      "details_uri": null
    }
  },
  {
    "model": "ensembl_metadata.datasettype",
    "pk": 6,
    "fields": {
      "name": "homologies",
      "label": "Comparative homologies",
      "topic": "Comparative Annotation",
      "description": null,
      "details_uri": null
    }
  },
  {
    "model": "ensembl_metadata.genome",
    "pk": 1,
    "fields": {
      "genome_uuid": "bacf0d6d-9de0-4467-865b-e5099cb45e88",
      "assembly": 2,
      "organism": 1,
      "created": "2023-09-12T21:08:13Z",
      "is_best": false
    }
  },
  {
    "model": "ensembl_metadata.genome",
    "pk": 2,
    "fields": {
      "genome_uuid": "222528a9-5418-4cfb-bc04-035cf2f9ec2c",
      "assembly": 4,
      "organism": 3,
      "created": "2023-09-13T00:11:19Z",
      "is_best": false
    }
  },
  {
    "model": "ensembl_metadata.genomedataset",
    "pk": 1,
    "fields": {
      "dataset": 1,
      "genome": 1,
      "release": null,
      "is_current": true
    }
  },
  {
    "model": "ensembl_metadata.genomedataset",
    "pk": 2,
    "fields": {
      "dataset": 2,
      "genome": 1,
      "release": null,
      "is_current": true
    }
  },
  {
    "model": "ensembl_metadata.genomedataset",
    "pk": 3,
    "fields": {
      "dataset": 5,
      "genome": 2,
      "release": null,
      "is_current": true
    }
  },
  {
    "model": "ensembl_metadata.genomedataset",
    "pk": 4,
    "fields": {
      "dataset": 6,
      "genome": 2,
      "release": null,
      "is_current": true
    }
  },
  {
    "model": "ensembl_metadata.organism",
    "pk": 1,
    "fields": {
      "taxonomy_id": 9031,
      "species_taxonomy_id": 9031,
      "common_name": "chicken",
      "strain": "Cross of Broiler mother + white leghorn layer father",
      "scientific_name": "Gallus gallus",
      "ensembl_name": "gallus_gallus",
      "scientific_parlance_name": null,
      "organism_uuid": "0823f582-83e4-4e06-b400-649d7116a892",
      "strain_type": "breed"
    }
  },
  {
    "model": "ensembl_metadata.organism",
    "pk": 3,
    "fields": {
      "taxonomy_id": 9606,
      "species_taxonomy_id": null,
      "common_name": "human",
      "strain": null,
      "scientific_name": "Homo sapiens",
      "ensembl_name": "homo_sapiens_37",
      "scientific_parlance_name": null,
      "organism_uuid": "6055c3e6-105c-4f87-ae49-b377a6a335a4",
      "strain_type": null
    }
  },
  {
    "model": "ensembl_metadata.organismgroup",
    "pk": 1,
    "fields": {
      "type": "Division",
      "name": "EnsemblVertebrates",
      "code": null
    }
  },
  {
    "model": "ensembl_metadata.organismgroupmember",
    "pk": 1,
    "fields": {
      "is_reference": false,
      "order": null,
      "organism": 1,
      "organism_group": 1
    }
  },
  {
    "model": "ensembl_metadata.organismgroupmember",
    "pk": 2,
    "fields": {
      "is_reference": false,
      "order": null,
      "organism": 3,
      "organism_group": 1
    }
  }
]